"id","service_line","category","subcategory","bi_band","complexity","tool","question","output_format","expert_time_mins","gradability","rubric","reference_answer","maps_to"
"TXN-001","CFO","Transaction Processing","Document extraction","Junior (0-3)","Easy","Zoho / OneDrive","From the attached vendor invoice, extract all fields required to book the entry.","Invoice Date | Vendor | GSTIN | Taxable | CGST | SGST | IGST | HSN/SAC | Invoice No","5","Deterministic","[{""operator"": ""exact"", ""criteria"": ""Invoice date matches source""}, {""operator"": ""exact"", ""criteria"": ""Vendor name matches source""}, {""operator"": ""exact"", ""criteria"": ""GSTIN matches source (15-char)""}, {""operator"": ""numeric"", ""criteria"": ""Taxable value matches source"", ""tolerance"": 0.01}, {""operator"": ""numeric"", ""criteria"": ""CGST matches source"", ""tolerance"": 0.01}, {""operator"": ""numeric"", ""criteria"": ""SGST matches source"", ""tolerance"": 0.01}, {""operator"": ""numeric"", ""criteria"": ""IGST matches source"", ""tolerance"": 0.01}, {""operator"": ""exact"", ""criteria"": ""HSN/SAC matches source""}, {""operator"": ""exact"", ""criteria"": ""Invoice number matches source""}, {""operator"": ""contradiction"", ""criteria"": ""No extracted field conflicts with the source invoice""}]","","Passing Entries - ingestion (242.78 hrs)"
"TXN-002","CFO","Transaction Processing","Ledger mapping","Junior (0-3)","Easy","Tally","Map the given expense to the correct ledger head and parent group in this client's chart of accounts.","Ledger | Under Group","3","Deterministic","[{""operator"": ""exact"", ""criteria"": ""Ledger head matches approved chart-of-accounts mapping""}, {""operator"": ""exact"", ""criteria"": ""Parent group matches the ledger's group""}, {""operator"": ""contradiction"", ""criteria"": ""Mapping does not conflict with the client's chart of accounts""}]","","Passing Entries - categorization (242.78 hrs)"
"TXN-003","CFO","Transaction Processing","GST/TDS treatment","Senior (4-7)","Medium","Zoho","For this professional-fee bill, determine GST treatment and TDS applicability.","GST Rate | ITC Eligible | TDS Section | TDS Rate | TDS Amount | Threshold Crossed","8","Deterministic","[{""operator"": ""numeric"", ""criteria"": ""GST rate correct (%)"", ""tolerance"": 0.0}, {""operator"": ""exact"", ""criteria"": ""ITC eligibility (Y/N) correct""}, {""operator"": ""exact"", ""criteria"": ""TDS section correct (194x)""}, {""operator"": ""numeric"", ""criteria"": ""TDS rate correct (%)"", ""tolerance"": 0.0}, {""operator"": ""numeric"", ""criteria"": ""TDS amount correct"", ""tolerance"": 0.01}, {""operator"": ""exact"", ""criteria"": ""Threshold-crossed (Y/N) correct""}, {""operator"": ""contradiction"", ""criteria"": ""Treatment consistent with Income-tax Act / GST law for this expense type""}]","","Passing Entries - treatment (242.78 hrs)"
"TXN-004","CFO","Transaction Processing","Exception handling","Senior (4-7)","Hard","Zoho / OneDrive / Email","Invoice has no GSTIN and category is ambiguous (Marketing vs Software Subscription). Decide auto-post vs queue, score confidence, justify.","Decision | Confidence % | Suggested Ledger | Reason | Client Nudge","12","Hybrid","[{""operator"": ""exact"", ""criteria"": ""Decision (Auto-post/Queue) matches confidence policy""}, {""operator"": ""numeric"", ""criteria"": ""Confidence score within defensible band"", ""tolerance"": 10.0}, {""operator"": ""presence"", ""criteria"": ""Suggested ledger is a plausible candidate head""}, {""operator"": ""judgment"", ""criteria"": ""Reason correctly identifies missing GSTIN and category ambiguity""}, {""operator"": ""exact"", ""criteria"": ""Client-nudge flag (Y/N) correct""}, {""operator"": ""contradiction"", ""criteria"": ""Decision does not conflict with the auto-post policy""}]","","Passing Entries - exceptions (242.78 hrs)"
"RECO-001","CFO","Reconciliation","Bank","Junior (0-3)","Easy","Tally","Reconcile the month's bank statement against the cash ledger. List reconciling items and the reconciled balance.","Reconciled Balance | per item: Description | Amount | Adjusts | Category","20","Deterministic","[{""operator"": ""numeric"", ""criteria"": ""Reconciled balance = 99,325.00"", ""tolerance"": 0.01, ""value"": 99325.0}, {""operator"": ""numeric"", ""criteria"": ""Deposit in transit (customer INV-1004), adjusts bank"", ""tolerance"": 0.01, ""value"": 11000.0, ""adjusts"": ""bank"", ""category"": ""timing_difference""}, {""operator"": ""numeric"", ""criteria"": ""Outstanding cheque #2056 (insurance), adjusts bank"", ""tolerance"": 0.01, ""value"": -4300.0, ""adjusts"": ""bank"", ""category"": ""timing_difference""}, {""operator"": ""numeric"", ""criteria"": ""Unbooked bank service charge, adjusts book"", ""tolerance"": 0.01, ""value"": -45.0, ""adjusts"": ""book"", ""category"": ""unrecorded_in_books""}, {""operator"": ""numeric"", ""criteria"": ""Unbooked interest credit, adjusts book"", ""tolerance"": 0.01, ""value"": 120.0, ""adjusts"": ""book"", ""category"": ""unrecorded_in_books""}, {""operator"": ""exact"", ""criteria"": ""Exactly 4 reconciling items reported - no fabricated items"", ""value"": 4}, {""operator"": ""contradiction"", ""criteria"": ""No reconciling item or balance conflicts with the reference answer""}]","Reconciled balance: 99,325.00. Reconciling items: (1) Deposit in transit - customer payment INV-1004, 11,000.00, adjusts bank, timing difference; (2) Outstanding cheque #2056 (insurance), 4,300.00, adjusts bank, timing difference; (3) Bank service charge not yet booked, 45.00, adjusts book, unrecorded in books; (4) Interest credit not yet booked, 120.00, adjusts book, unrecorded in books. Book closing balance 99,250.00 and bank closing balance 92,625.00 both adjust to 99,325.00. [WORKED EXAMPLE - computed from the recon_bank_001 sample task.]","Bank Reco (~56 hrs)"
"RECO-002","CFO","Reconciliation","E-commerce","Senior (4-7)","Medium","Excel","Reconcile Amazon Seller Central settlement vs bank credits vs recorded sales. Flag every gap.","Settlement Total | Bank Matched | Sales Recorded | per gap: Type | Amount | Cause","35","Deterministic","[{""operator"": ""numeric"", ""criteria"": ""Settlement total matches the Amazon settlement report"", ""tolerance"": 0.01}, {""operator"": ""numeric"", ""criteria"": ""Bank-matched total correct"", ""tolerance"": 0.01}, {""operator"": ""numeric"", ""criteria"": ""Recorded-sales total correct"", ""tolerance"": 0.01}, {""operator"": ""set_match"", ""criteria"": ""All true gaps flagged (recall) and no fabricated gaps (precision); match on amount"", ""tolerance"": 0.01}, {""operator"": ""exact"", ""criteria"": ""Each gap's likely cause categorized correctly""}, {""operator"": ""contradiction"", ""criteria"": ""Reconciliation does not conflict with the source reports""}]","","E-commerce Reco (~56 hrs)"
"RECO-003","CFO","Reconciliation","Vendor ledger","Junior (0-3)","Easy","Zoho","Reconcile the vendor's statement against our payable ledger. List differences.","Our Balance | Vendor Balance | per diff: Doc No | Amount | Reason","15","Deterministic","[{""operator"": ""numeric"", ""criteria"": ""Our payable balance correct"", ""tolerance"": 0.01}, {""operator"": ""numeric"", ""criteria"": ""Vendor-statement balance correct"", ""tolerance"": 0.01}, {""operator"": ""set_match"", ""criteria"": ""All true differences flagged (recall) and none fabricated (precision); match on doc no + amount"", ""tolerance"": 0.01}, {""operator"": ""exact"", ""criteria"": ""Reason for each difference correct""}, {""operator"": ""contradiction"", ""criteria"": ""No conflict with the vendor statement or our ledger""}]","","Vendor Ledger Reco (~56 hrs)"
"TAX-001","CFO","Tax & Compliance","TDS identification","Junior (0-3)","Easy","Zoho","From the payment register, identify every payment that attracts TDS, with section and rate.","per payment: Party | Amount | Section | Rate | TDS Amount","15","Deterministic","[{""operator"": ""set_match"", ""criteria"": ""All TDS-attracting payments identified (recall) and no non-TDS payment flagged (precision)"", ""tolerance"": 0.01}, {""operator"": ""exact"", ""criteria"": ""TDS section correct per payment""}, {""operator"": ""numeric"", ""criteria"": ""TDS rate correct per payment"", ""tolerance"": 0.0}, {""operator"": ""numeric"", ""criteria"": ""TDS amount correct per payment"", ""tolerance"": 0.01}, {""operator"": ""contradiction"", ""criteria"": ""No conflict with TDS provisions""}]","","TDS Monthly Filing"
"TAX-002","CFO","Tax & Compliance","TDS challan","Senior (4-7)","Medium","Zoho / Tally","Compute total monthly TDS liability and prepare the challan summary due by the 7th.","per section: Section | Total Payment | TDS | Total Payable | Due Date","25","Deterministic","[{""operator"": ""numeric"", ""criteria"": ""Each section-wise total correct"", ""tolerance"": 0.01}, {""operator"": ""numeric"", ""criteria"": ""Grand total TDS payable correct"", ""tolerance"": 0.01}, {""operator"": ""exact"", ""criteria"": ""Due date = 7th of following month""}, {""operator"": ""contradiction"", ""criteria"": ""No conflict with the payment register""}]","","TDS Filing"
"TAX-003","CFO","Tax & Compliance","GSTR-1","Senior (4-7)","Hard","Zoho","Generate the GSTR-1 outward-supply summary from sales data and flag ITC mismatches vs GSTR-2B.","GSTR-1 B2B/B2C totals | per mismatch: GSTIN | Invoice | Issue","45","Deterministic","[{""operator"": ""numeric"", ""criteria"": ""B2B taxable/CGST/SGST/IGST totals correct"", ""tolerance"": 0.01}, {""operator"": ""numeric"", ""criteria"": ""B2C totals correct"", ""tolerance"": 0.01}, {""operator"": ""set_match"", ""criteria"": ""All ITC mismatches vs 2B flagged (recall) and none fabricated (precision)"", ""tolerance"": 0.01}, {""operator"": ""exact"", ""criteria"": ""Mismatch issue type correct""}, {""operator"": ""contradiction"", ""criteria"": ""No conflict with sales data or GSTR-2B""}]","","GST Filings"
"TAX-004","CFO","Tax & Compliance","ITC reconciliation","Junior (0-3)","Medium","Zoho","Reconcile ITC: GSTR-2B vs purchase register. List every mismatch with type.","per mismatch: GSTIN | Invoice | Issue | Total ITC at risk","30","Deterministic","[{""operator"": ""set_match"", ""criteria"": ""All 2B-vs-purchase mismatches flagged (recall) and none fabricated (precision); match on invoice no"", ""tolerance"": 0.01}, {""operator"": ""exact"", ""criteria"": ""Mismatch type correct (not-filed/GSTIN/invoice/value)""}, {""operator"": ""numeric"", ""criteria"": ""Total ITC at risk correct"", ""tolerance"": 0.01}, {""operator"": ""contradiction"", ""criteria"": ""No conflict with GSTR-2B or purchase register""}]","","GST - ITC recon"
"MIS-001","CFO","Financial Reporting / MIS","MIS pack","Senior (4-7)","Medium","Excel","Produce the monthly MIS from the trial balance: revenue by segment, gross margin, burn, runway, AR/AP ageing.","Revenue by Segment | Gross Margin % | Burn | Runway | AR Ageing | AP Ageing","60","Hybrid","[{""operator"": ""numeric"", ""criteria"": ""Revenue by segment correct"", ""tolerance"": 0.01}, {""operator"": ""numeric"", ""criteria"": ""Gross margin % correct"", ""tolerance"": 0.01}, {""operator"": ""numeric"", ""criteria"": ""Monthly burn correct"", ""tolerance"": 0.01}, {""operator"": ""numeric"", ""criteria"": ""Runway (months) correct"", ""tolerance"": 0.01}, {""operator"": ""exact"", ""criteria"": ""AR ageing buckets correct""}, {""operator"": ""exact"", ""criteria"": ""AP ageing buckets correct""}, {""operator"": ""contradiction"", ""criteria"": ""No figure conflicts with the trial balance""}]","","MIS Preparation"
"MIS-002","CFO","Financial Reporting / MIS","Variance commentary","Senior (4-7)","Hard","Excel","Write variance commentary explaining the MoM change in burn rate, citing the two largest drivers.","Burn MoM Change | Driver 1 | Driver 2 | Commentary","30","Judgment","[{""operator"": ""numeric"", ""criteria"": ""Burn MoM change figure correct"", ""tolerance"": 0.01}, {""operator"": ""presence"", ""criteria"": ""Largest driver correctly identified with amount""}, {""operator"": ""presence"", ""criteria"": ""Second-largest driver correctly identified with amount""}, {""operator"": ""judgment"", ""criteria"": ""Commentary correctly explains the change and is internally consistent""}, {""operator"": ""contradiction"", ""criteria"": ""Commentary does not conflict with the underlying figures""}]","","MIS - analysis"
"PAY-001","CFO","Payroll","Payroll computation","Junior (0-3)","Medium","Excel","Compute payroll from salary master and attendance: gross, statutory deductions, net pay.","Gross | PF | ESI | PT | TDS | Net Pay","20","Deterministic","[{""operator"": ""numeric"", ""criteria"": ""Gross correct"", ""tolerance"": 0.01}, {""operator"": ""numeric"", ""criteria"": ""PF correct"", ""tolerance"": 0.01}, {""operator"": ""numeric"", ""criteria"": ""ESI correct"", ""tolerance"": 0.01}, {""operator"": ""numeric"", ""criteria"": ""PT correct"", ""tolerance"": 0.01}, {""operator"": ""numeric"", ""criteria"": ""TDS correct"", ""tolerance"": 0.01}, {""operator"": ""numeric"", ""criteria"": ""Net pay correct"", ""tolerance"": 0.01}, {""operator"": ""contradiction"", ""criteria"": ""No component conflicts with the salary master / statutory rates""}]","","Payroll Sheet Prep"
"REV-001","CFO","Review of Books","Validation checks","Senior (4-7)","Medium","Tally","Run standard validation checks and list red flags: negative asset balances, credit balances in expense heads, inter-company imbalances.","per flag: Account | Issue Type | Amount | Severity","25","Deterministic","[{""operator"": ""set_match"", ""criteria"": ""All red flags found (recall: negative asset balances, credit balances in expense heads, inter-company imbalances) and none fabricated (precision)"", ""tolerance"": 0.01}, {""operator"": ""exact"", ""criteria"": ""Issue type correct per flag""}, {""operator"": ""exact"", ""criteria"": ""Severity reasonable per flag""}, {""operator"": ""contradiction"", ""criteria"": ""No conflict with the trial balance""}]","","Review of Books"
"REV-002","CFO","Review of Books","Inter-company transfer","Senior (4-7)","Hard","Tally","Identify stock transfers between entities (e.g. BT Bangalore -> BT Chennai) not booked as sale in source and purchase in receiver. Flag and recommend the entry.","per item: Transfer | From | To | Amount | Missing Leg | Recommended Entry","30","Hybrid","[{""operator"": ""set_match"", ""criteria"": ""All unbalanced stock transfers detected (recall) and none fabricated (precision)"", ""tolerance"": 0.01}, {""operator"": ""exact"", ""criteria"": ""Missing leg (sale/purchase) correct""}, {""operator"": ""judgment"", ""criteria"": ""Recommended correcting entry is valid""}, {""operator"": ""contradiction"", ""criteria"": ""No conflict with the stock/ledger records""}]","","Review of Books - inter-co"
"REV-003","CFO","Review of Books","Suspense review","Junior (0-3)","Easy","Zoho","Check the trial balance for entries in suspense/unclassified ledgers and list for reclassification.","per item: Date | Ledger | Amount | Suggested Reclass","10","Deterministic","[{""operator"": ""set_match"", ""criteria"": ""All suspense/unclassified entries listed (recall) and none fabricated (precision)"", ""tolerance"": 0.01}, {""operator"": ""presence"", ""criteria"": ""Suggested reclassification is plausible""}, {""operator"": ""contradiction"", ""criteria"": ""No conflict with the trial balance""}]","","Review of Books"
"QRY-001","CFO","Client Query Resolution","Missing-doc chase","Junior (0-3)","Easy","Email","Close blocked by missing documents. Draft ONE consolidated query email listing exactly which documents are missing and for which transactions.","Subject | Body: missing docs with refs + deadline + close","10","Judgment","[{""operator"": ""set_match"", ""criteria"": ""Every missing document listed (recall) and no already-provided doc requested (precision)"", ""tolerance"": 0.01}, {""operator"": ""presence"", ""criteria"": ""Specific transaction references included""}, {""operator"": ""judgment"", ""criteria"": ""Single consolidated ask, professional and clear tone""}, {""operator"": ""contradiction"", ""criteria"": ""No request conflicts with what the client has already shared""}]","","Resolving Queries (60.95 hrs)"
"QRY-002","CFO","Client Query Resolution","Dispute reply","Senior (4-7)","Medium","Email","Client disputes a TDS deduction, claiming a lower-deduction certificate. Draft a reply explaining current deduction, requesting the certificate, stating what changes if valid.","Subject | Body: acknowledge + explain + request cert + revised treatment + close","20","Judgment","[{""operator"": ""judgment"", ""criteria"": ""Explanation of current TDS treatment is technically correct""}, {""operator"": ""presence"", ""criteria"": ""Lower-deduction certificate explicitly requested""}, {""operator"": ""judgment"", ""criteria"": ""Revised treatment if certificate valid is correct""}, {""operator"": ""judgment"", ""criteria"": ""Tone professional and non-confrontational""}, {""operator"": ""contradiction"", ""criteria"": ""No statement conflicts with TDS law""}]","","Resolving Queries (60.95 hrs)"
"DD-IRL-001","DD","OneDrive & IRL Management","Status classification","Junior (0-3)","Easy","OneDrive","Given the IRL and current OneDrive folder contents, classify each request's status (New Request / Info Shared / Info Partially Shared / Outstanding).","per item: Sl# | Checklist Item | Status","30","Deterministic","[{""operator"": ""set_match"", ""criteria"": ""Each item's status matches gold (precision/recall over the 4-class label set)"", ""tolerance"": 0.01}, {""operator"": ""contradiction"", ""criteria"": ""No status conflicts with OneDrive folder contents""}]","","Eldaas IRL - request tracking"
"DD-IRL-002","DD","OneDrive & IRL Management","Priority summary","Senior (4-7)","Medium","OneDrive + Excel","Produce the priority-wise request status summary: count of High/Medium/Low items by status, per workstream.","matrix: Status x {High,Medium,Low,Total} per workstream","25","Deterministic","[{""operator"": ""numeric"", ""criteria"": ""Each High/Medium/Low count per status correct"", ""tolerance"": 0.0}, {""operator"": ""numeric"", ""criteria"": ""Row and column totals tie"", ""tolerance"": 0.0}, {""operator"": ""presence"", ""criteria"": ""Any broken / #REF! cell in the source summary flagged as a data-quality issue""}, {""operator"": ""contradiction"", ""criteria"": ""Counts do not conflict with the IRL line items""}]","","Eldaas IRL - status summary"
"DD-IRL-003","DD","OneDrive & IRL Management","Blocker identification","Junior (0-3)","Easy","OneDrive","List all High-criticality items still outstanding (New Request) that block sign-off on the Financial DD.","per item: Sl# | Area | Checklist | Criticality","15","Deterministic","[{""operator"": ""set_match"", ""criteria"": ""All High-criticality outstanding (New Request) Finance items listed (recall) and none mis-listed (precision)"", ""tolerance"": 0.01}, {""operator"": ""contradiction"", ""criteria"": ""No item conflicts with the IRL status column""}]","","Eldaas IRL - Finance High items"
"DD-IRL-004","DD","OneDrive & IRL Management","Consistency check","Senior (4-7)","Hard","OneDrive + Excel","Check the IRL for internal inconsistencies in the stated DD period and entity name across all sheets; flag each.","per issue: Location | Stated Value | Conflicts With | Issue","30","Hybrid","[{""operator"": ""set_match"", ""criteria"": ""All genuine inconsistencies detected (recall) and none fabricated (precision)"", ""tolerance"": 0.01}, {""operator"": ""presence"", ""criteria"": ""DD-period mismatch across sheets identified""}, {""operator"": ""presence"", ""criteria"": ""Entity-name mismatch (Safe Risk vs Eldaas) identified""}, {""operator"": ""judgment"", ""criteria"": ""Issue described correctly per inconsistency""}, {""operator"": ""contradiction"", ""criteria"": ""No flagged inconsistency conflicts with the document text""}]","","Eldaas IRL - period & entity mismatches"
"DD-EXT-001","DD","Document Extraction","Cap table","Junior (0-3)","Easy","OneDrive","From the cap table in the Secretarial folder, extract the fully-diluted shareholding pattern.","per holder: Shareholder | Class | Shares | % | Total=100%","15","Deterministic","[{""operator"": ""set_match"", ""criteria"": ""Each shareholder row matches source (holder, class, shares)"", ""tolerance"": 0.01}, {""operator"": ""numeric"", ""criteria"": ""Each holding % correct"", ""tolerance"": 0.01}, {""operator"": ""numeric"", ""criteria"": ""Total fully-diluted % = 100"", ""tolerance"": 0.1, ""value"": 100.0}, {""operator"": ""contradiction"", ""criteria"": ""No conflict with the cap table""}]","","Eldaas Secretarial 2.3 cap table"
"DD-EXT-002","DD","Document Extraction","Fixed asset register","Senior (4-7)","Medium","OneDrive + Excel","From the FAR, extract gross block, accumulated depreciation and net block as at each balance-sheet date in the DD period.","per FY: Gross Block | Accum Dep | Net Block","30","Deterministic","[{""operator"": ""numeric"", ""criteria"": ""Gross block per FY correct"", ""tolerance"": 0.01}, {""operator"": ""numeric"", ""criteria"": ""Accumulated depreciation per FY correct"", ""tolerance"": 0.01}, {""operator"": ""numeric"", ""criteria"": ""Net block per FY correct"", ""tolerance"": 0.01}, {""operator"": ""exact"", ""criteria"": ""Net block = gross block - accumulated depreciation""}, {""operator"": ""contradiction"", ""criteria"": ""No figure conflicts with the FAR""}]","","Eldaas Finance 7.0 FAR"
"DD-EXT-003","DD","Document Extraction","Receivables ageing","Senior (4-7)","Medium","OneDrive + Excel","From the trade-receivables ageing, extract the >180-day bucket and the ECL/PBD provision at each reporting date.","per FY: >180d Gross | Provision | Provision %","25","Deterministic","[{""operator"": ""numeric"", ""criteria"": "">180-day gross bucket per FY correct"", ""tolerance"": 0.01}, {""operator"": ""numeric"", ""criteria"": ""Provision (ECL/PBD) per FY correct"", ""tolerance"": 0.01}, {""operator"": ""numeric"", ""criteria"": ""Provision % derived correctly"", ""tolerance"": 0.01}, {""operator"": ""contradiction"", ""criteria"": ""No figure conflicts with the ageing schedule""}]","","Eldaas Finance 8.1/8.2 receivables"
"DD-REC-001","DD","Reconciliation & Tie-Out","Books-to-audited","Senior (4-7)","Medium","Excel","Tie the Tally accounting backup to the audited financial statements for FY2023-24. List every line that does not agree.","per break: Line Item | Per Tally | Per Audited | Difference","45","Deterministic","[{""operator"": ""set_match"", ""criteria"": ""All breaks between Tally backup and audited FS flagged (recall) and none fabricated (precision)"", ""tolerance"": 0.01}, {""operator"": ""numeric"", ""criteria"": ""Each break amount correct"", ""tolerance"": 0.01}, {""operator"": ""numeric"", ""criteria"": ""Total difference ties"", ""tolerance"": 0.01}, {""operator"": ""contradiction"", ""criteria"": ""No conflict with the audited financial statements""}]","","Eldaas Finance 1.2 Tally vs FS"
"DD-REC-002","DD","Reconciliation & Tie-Out","Payroll-to-GL","Senior (4-7)","Hard","Excel","Reconcile payroll per the monthly payroll statements against payroll expense in the GL for the DD period. Flag variances.","per period: Per Payroll | Per GL | Variance | Cause","60","Deterministic","[{""operator"": ""set_match"", ""criteria"": ""All payroll-to-GL variances flagged (recall) and none fabricated (precision)"", ""tolerance"": 0.01}, {""operator"": ""numeric"", ""criteria"": ""Each variance amount correct"", ""tolerance"": 0.01}, {""operator"": ""presence"", ""criteria"": ""Cause identified per variance""}, {""operator"": ""contradiction"", ""criteria"": ""Reconciliation ties payroll to GL""}]","","Eldaas Finance 10.5 payroll-GL"
"DD-REC-003","DD","Reconciliation & Tie-Out","26AS-to-books","Senior (4-7)","Hard","OneDrive + Excel","Reconcile TDS credit per Form 26AS against TDS recorded in books for the review period. List mismatches.","per mismatch: Deductor | Per 26AS | Per Books | Difference | Cause","60","Deterministic","[{""operator"": ""set_match"", ""criteria"": ""All 26AS-to-books mismatches flagged (recall) and none fabricated (precision); match on deductor"", ""tolerance"": 0.01}, {""operator"": ""numeric"", ""criteria"": ""Each mismatch amount correct"", ""tolerance"": 0.01}, {""operator"": ""presence"", ""criteria"": ""Cause identified per mismatch""}, {""operator"": ""contradiction"", ""criteria"": ""Reconciliation ties 26AS credit to books""}]","","Eldaas Tax DT - 26AS recon"
"DD-REC-004","DD","Reconciliation & Tie-Out","GST 2B recon","Senior (4-7)","Hard","OneDrive + Excel","Perform the GST 2B reconciliation: credit per GSTR-3B vs GSTR-2B vs books. Flag gaps.","Credit 3B | 2B | Books | per gap: GSTIN | Amount | Type","60","Deterministic","[{""operator"": ""numeric"", ""criteria"": ""Credit per GSTR-3B correct"", ""tolerance"": 0.01}, {""operator"": ""numeric"", ""criteria"": ""Credit per GSTR-2B correct"", ""tolerance"": 0.01}, {""operator"": ""numeric"", ""criteria"": ""Credit per books correct"", ""tolerance"": 0.01}, {""operator"": ""set_match"", ""criteria"": ""All three-way gaps flagged (recall) and none fabricated (precision)"", ""tolerance"": 0.01}, {""operator"": ""contradiction"", ""criteria"": ""Three-way reconciliation ties""}]","","Eldaas Tax IDT - 2B recon"
"DD-RF-001","DD","Red Flag Identification","MSME dues","Senior (4-7)","Hard","OneDrive + Excel","Review trade payables for MSME vendors. Flag MSME dues outstanding beyond 45 days (Sec 43B(h)/MSMED Act exposure).","per flag: Vendor | MSME Status | Amount | Days | Exposure","30","Hybrid","[{""operator"": ""set_match"", ""criteria"": ""All MSME dues outstanding >45 days flagged (recall) and no non-MSME / within-45-day item flagged (precision)"", ""tolerance"": 0.01}, {""operator"": ""exact"", ""criteria"": ""MSME status correct per vendor""}, {""operator"": ""numeric"", ""criteria"": ""Days outstanding correct"", ""tolerance"": 0.0}, {""operator"": ""judgment"", ""criteria"": ""Sec 43B(h) / MSMED exposure noted""}, {""operator"": ""contradiction"", ""criteria"": ""No conflict with the payables ageing""}]","","Eldaas Finance 6.2/6.3 MSME"
"DD-RF-002","DD","Red Flag Identification","Registration gaps","Senior (4-7)","Medium","OneDrive","Scan the registration-documents folder and flag any statutory registration missing or only partially shared (e.g. TAN pending, PF/PT/ESI not provided).","per flag: Registration | Status | Criticality | Note","20","Deterministic","[{""operator"": ""set_match"", ""criteria"": ""All missing/partial registrations flagged (recall: e.g. TAN pending, PF/PT/ESI) and none fabricated (precision)"", ""tolerance"": 0.01}, {""operator"": ""exact"", ""criteria"": ""Status correct per registration""}, {""operator"": ""contradiction"", ""criteria"": ""No conflict with the registration-documents folder""}]","","Eldaas Finance 3.2-3.9 (TAN pending)"
"DD-RF-003","DD","Red Flag Identification","Related-party","Senior (4-7)","Hard","OneDrive","Identify related-party transactions during the DD period and flag any not confirmed at arm's length.","per RPT: Party | Nature | Amount | Arm's-length (Y/N) | Flag","40","Hybrid","[{""operator"": ""set_match"", ""criteria"": ""All related-party transactions identified (recall) and none fabricated (precision)"", ""tolerance"": 0.01}, {""operator"": ""judgment"", ""criteria"": ""Arm's-length flag correct per transaction""}, {""operator"": ""contradiction"", ""criteria"": ""No conflict with the related-party disclosures""}]","","Eldaas Finance 13.6 related parties"
"DD-RF-004","DD","Red Flag Identification","Revenue cut-off","Senior (4-7)","Hard","OneDrive","Review the revenue-recognition policy and sample invoices; flag any indication of cut-off issues or revenue booked ahead of delivery.","per flag: Invoice | Issue | Period Impact | Materiality","45","Judgment","[{""operator"": ""set_match"", ""criteria"": ""All cut-off / early-recognition issues flagged (recall) and none fabricated (precision)"", ""tolerance"": 0.01}, {""operator"": ""judgment"", ""criteria"": ""Issue correctly characterized per invoice""}, {""operator"": ""numeric"", ""criteria"": ""Period impact correct where derivable"", ""tolerance"": 0.01}, {""operator"": ""contradiction"", ""criteria"": ""No conflict with the revenue policy or invoices""}]","","Eldaas Finance 9.0/9.5 revenue"
"DD-TAX-001","DD","Tax Exposure Review","Open litigation","Senior (4-7)","Medium","OneDrive","From ITR and assessment records, list all open assessments, demands and litigations with estimated exposure.","per matter: Authority | AY | Nature | Demand/Exposure | Status","30","Deterministic","[{""operator"": ""set_match"", ""criteria"": ""All open assessments/demands/litigations listed (recall) and none fabricated (precision)"", ""tolerance"": 0.01}, {""operator"": ""numeric"", ""criteria"": ""Demand/exposure amount correct per matter"", ""tolerance"": 0.01}, {""operator"": ""exact"", ""criteria"": ""Status correct per matter""}, {""operator"": ""contradiction"", ""criteria"": ""No conflict with the assessment records""}]","","Eldaas Tax DT - assessments"
"DD-TAX-002","DD","Tax Exposure Review","Withholding on forex","Senior (4-7)","Hard","OneDrive","Review foreign-currency payments and 15CA/15CB forms; flag any overseas payment lacking proper withholding / 15CB certification.","per flag: Payment | Forex Amount | 15CA/CB (Y/N) | Withheld (Y/N) | Exposure","40","Hybrid","[{""operator"": ""set_match"", ""criteria"": ""All overseas payments lacking proper 15CB/withholding flagged (recall) and none fabricated (precision)"", ""tolerance"": 0.01}, {""operator"": ""exact"", ""criteria"": ""15CA/15CB presence correct per payment""}, {""operator"": ""judgment"", ""criteria"": ""Exposure assessed correctly""}, {""operator"": ""contradiction"", ""criteria"": ""No conflict with the forex payment records""}]","","Eldaas Tax DT 12/14 forex"
"DD-SEC-001","DD","Secretarial & Legal Review","ROC annual filings","Junior (0-3)","Medium","OneDrive","Check annual ROC filings (MGT-7, AOC-4) for each FY in the DD period and flag any missing or late filing.","per FY: MGT-7 status | AOC-4 status","20","Deterministic","[{""operator"": ""set_match"", ""criteria"": ""MGT-7 and AOC-4 status per FY correct (precision/recall over filed/late/missing)"", ""tolerance"": 0.01}, {""operator"": ""contradiction"", ""criteria"": ""No conflict with the ROC filing records""}]","","Eldaas Secretarial 5.1 filings"
"DD-SEC-002","DD","Secretarial & Legal Review","Allotment/transfer compliance","Senior (4-7)","Hard","OneDrive","Review all share allotments and transfers in the period; flag any allotment missing PAS-3/PAS-4 or transfer missing stamp duty.","per event: Type | Date | Required Doc | Present (Y/N) | Flag","45","Deterministic","[{""operator"": ""set_match"", ""criteria"": ""All allotments/transfers in period identified (recall) and none fabricated (precision)"", ""tolerance"": 0.01}, {""operator"": ""exact"", ""criteria"": ""Required doc (PAS-3/PAS-4/stamp duty) presence correct per event""}, {""operator"": ""contradiction"", ""criteria"": ""No conflict with the share-capital records""}]","","Eldaas Secretarial 2.x"
"DD-SEC-003","DD","Secretarial & Legal Review","Statutory registers","Senior (4-7)","Medium","OneDrive","Verify the statutory registers (Members, Directors, Charges, Investments, etc.) are maintained and complete; flag any missing register.","per register: Name | Maintained (Y/N) | Gap Note","25","Deterministic","[{""operator"": ""set_match"", ""criteria"": ""All required statutory registers checked; missing ones flagged (recall) and none falsely flagged (precision)"", ""tolerance"": 0.01}, {""operator"": ""contradiction"", ""criteria"": ""No conflict with the registers provided""}]","","Eldaas Secretarial 4.3 registers"
"DD-RPT-001","DD","DD Findings & Reporting","Section findings","Senior (4-7)","Hard","PowerPoint / Excel","Draft the financial-DD findings for the BS-Assets section: for each material observation, state issue, financial impact and recommendation.","per finding: Observation | Financial Impact | Recommendation","60","Judgment","[{""operator"": ""set_match"", ""criteria"": ""All material BS-Assets observations covered (recall checklist)"", ""tolerance"": 0.01}, {""operator"": ""numeric"", ""criteria"": ""Financial impact quantified correctly where derivable"", ""tolerance"": 0.01}, {""operator"": ""judgment"", ""criteria"": ""Recommendation valid per finding""}, {""operator"": ""contradiction"", ""criteria"": ""No finding conflicts with the underlying workpapers""}]","","Eldaas Finance 7-8 - report layer"
"DD-RPT-002","DD","DD Findings & Reporting","Risk categorization","Senior (4-7)","Hard","PowerPoint","Write the executive-summary risk commentary categorizing all red flags into deal-breakers, price-adjustment items and disclosure items.","per flag: Issue | Category | Rationale","45","Judgment","[{""operator"": ""set_match"", ""criteria"": ""Every identified red flag carried into the summary (recall checklist)"", ""tolerance"": 0.01}, {""operator"": ""judgment"", ""criteria"": ""Category (deal-breaker/price-adjust/disclosure) defensible per flag""}, {""operator"": ""judgment"", ""criteria"": ""Rationale coherent per flag""}, {""operator"": ""contradiction"", ""criteria"": ""No categorization conflicts with the detailed findings""}]","","Eldaas - executive summary"
"TXN-005","CFO","Transaction Processing","Bank-feed categorization","Junior (0-3)","Easy","Zoho","Categorize the week's bank-feed transactions to the correct ledger heads; auto-post high-confidence items and queue the rest.","per txn: Date | Amount | Ledger | Confidence | Action(post/queue)","15","Deterministic","[{""operator"": ""set_match"", ""criteria"": ""All transactions categorized to the correct ledger (precision/recall)"", ""tolerance"": 0.01}, {""operator"": ""exact"", ""criteria"": ""Action (post/queue) matches the confidence threshold per txn""}, {""operator"": ""contradiction"", ""criteria"": ""No part of the answer conflicts with the reference answer""}]","","Passing Entries - bank feed (242.78 hrs)"
"TXN-006","CFO","Transaction Processing","Recurring journals","Junior (0-3)","Easy","Tally","Generate the scheduled recurring journal entries for the month (rent, salaries, EMIs, subscriptions) from the recurring-items master.","per entry: Particulars | Dr Ledger | Cr Ledger | Amount | Date","10","Deterministic","[{""operator"": ""set_match"", ""criteria"": ""All due recurring entries generated; none missed or extra"", ""tolerance"": 0.01}, {""operator"": ""numeric"", ""criteria"": ""Each entry amount correct"", ""tolerance"": 0.01}, {""operator"": ""exact"", ""criteria"": ""Dr/Cr ledgers correct per entry""}, {""operator"": ""contradiction"", ""criteria"": ""No part of the answer conflicts with the reference answer""}]","","Draft Journal Entries (242.78 hrs)"
"TXN-007","CFO","Transaction Processing","Credit/debit notes","Junior (0-3)","Easy","Zoho","Book the credit and debit notes from the supporting documents, with the correct GST adjustment.","per note: Type(CN/DN) | Party | Taxable | GST | Linked Invoice","8","Deterministic","[{""operator"": ""exact"", ""criteria"": ""Note type (CN/DN) correct""}, {""operator"": ""numeric"", ""criteria"": ""Taxable value correct"", ""tolerance"": 0.01}, {""operator"": ""numeric"", ""criteria"": ""GST adjustment correct"", ""tolerance"": 0.01}, {""operator"": ""exact"", ""criteria"": ""Linked original invoice correct""}, {""operator"": ""contradiction"", ""criteria"": ""No part of the answer conflicts with the reference answer""}]","","Passing Entries (242.78 hrs)"
"TXN-008","CFO","Transaction Processing","Reimbursements","Junior (0-3)","Easy","Excel / Zoho","Process employee expense claims: validate each line against the reimbursement policy, classify it, and compute the reimbursable total.","per claim: Employee | Eligible Lines | Disallowed Lines | Reimbursable Total","12","Deterministic","[{""operator"": ""set_match"", ""criteria"": ""Disallowed lines flagged per policy (precision/recall)"", ""tolerance"": 0.01}, {""operator"": ""numeric"", ""criteria"": ""Reimbursable total correct"", ""tolerance"": 0.01}, {""operator"": ""contradiction"", ""criteria"": ""No part of the answer conflicts with the reference answer""}]","","Reimbursement processing (242.78 hrs)"
"TXN-009","CFO","Transaction Processing","Import purchase + forex","Senior (4-7)","Medium","Tally","Book an import purchase: record the foreign-currency invoice at the correct exchange rate, customs duty, and IGST under reverse charge.","FX Amount | Rate | INR Value | Customs Duty | IGST(RCM) | Ledger entries","20","Hybrid","[{""operator"": ""numeric"", ""criteria"": ""INR value at the correct exchange rate"", ""tolerance"": 0.01}, {""operator"": ""numeric"", ""criteria"": ""Customs duty correct"", ""tolerance"": 0.01}, {""operator"": ""numeric"", ""criteria"": ""IGST under RCM correct"", ""tolerance"": 0.01}, {""operator"": ""exact"", ""criteria"": ""Ledger entries correct""}, {""operator"": ""judgment"", ""criteria"": ""Forex gain/loss treatment reasonable""}, {""operator"": ""contradiction"", ""criteria"": ""No part of the answer conflicts with the reference answer""}]","","COGS - import + forex (242.78 hrs)"
"TXN-010","CFO","Transaction Processing","RCM identification","Senior (4-7)","Medium","Zoho","Scan the expense ledger and identify every transaction attracting GST under reverse charge; compute the RCM liability.","per item: Vendor | Nature | Amount | RCM Rate | RCM GST | Total RCM Liability","18","Deterministic","[{""operator"": ""set_match"", ""criteria"": ""All RCM-attracting transactions identified (precision/recall)"", ""tolerance"": 0.01}, {""operator"": ""numeric"", ""criteria"": ""RCM GST per item correct"", ""tolerance"": 0.01}, {""operator"": ""numeric"", ""criteria"": ""Total RCM liability correct"", ""tolerance"": 0.01}, {""operator"": ""contradiction"", ""criteria"": ""No part of the answer conflicts with the reference answer""}]","","RCM (242.78 hrs)"
"RECO-004","CFO","Reconciliation","Credit card","Junior (0-3)","Easy","Zoho","Reconcile the corporate credit-card statement against booked expenses; flag unbooked or mismatched charges.","Card Total | Booked Total | per gap: Date | Amount | Status","12","Deterministic","[{""operator"": ""numeric"", ""criteria"": ""Card statement total correct"", ""tolerance"": 0.01}, {""operator"": ""numeric"", ""criteria"": ""Booked total correct"", ""tolerance"": 0.01}, {""operator"": ""set_match"", ""criteria"": ""Gaps flagged (precision/recall); match on amount + date"", ""tolerance"": 0.01}, {""operator"": ""contradiction"", ""criteria"": ""Reconciliation ties""}]","","Reconciliation (~56 hrs)"
"RECO-005","CFO","Reconciliation","Inter-company","Senior (4-7)","Medium","Tally","Reconcile inter-company balances between two group entities; flag any one-sided entries.","Entity A Balance | Entity B Balance | per mismatch: Doc | Amount | Side","25","Deterministic","[{""operator"": ""numeric"", ""criteria"": ""Entity A balance correct"", ""tolerance"": 0.01}, {""operator"": ""numeric"", ""criteria"": ""Entity B balance correct"", ""tolerance"": 0.01}, {""operator"": ""set_match"", ""criteria"": ""One-sided entries flagged (precision/recall)"", ""tolerance"": 0.01}, {""operator"": ""contradiction"", ""criteria"": ""Inter-company balances tie""}]","","Inter-company Reco (~56 hrs)"
"RECO-006","CFO","Reconciliation","Payroll bank","Junior (0-3)","Easy","Excel","Reconcile the salary-disbursement bank debits against the payroll register net-pay totals.","Bank Debits Total | Payroll Net Total | per variance: Employee | Amount | Reason","10","Deterministic","[{""operator"": ""numeric"", ""criteria"": ""Bank debits total correct"", ""tolerance"": 0.01}, {""operator"": ""numeric"", ""criteria"": ""Payroll net total correct"", ""tolerance"": 0.01}, {""operator"": ""set_match"", ""criteria"": ""Variances flagged (precision/recall)"", ""tolerance"": 0.01}, {""operator"": ""contradiction"", ""criteria"": ""Reconciliation ties""}]","","Salary reco (~56 hrs)"
"TAX-005","CFO","Tax & Compliance","GSTR-3B prep","Senior (4-7)","Medium","Zoho","Prepare the GSTR-3B summary for the month: outward tax, eligible ITC, ITC reversal, and net cash payable.","Outward Tax | Eligible ITC | ITC Reversal | Net Cash Payable | Due Date","30","Deterministic","[{""operator"": ""numeric"", ""criteria"": ""Outward tax correct"", ""tolerance"": 0.01}, {""operator"": ""numeric"", ""criteria"": ""Eligible ITC correct"", ""tolerance"": 0.01}, {""operator"": ""numeric"", ""criteria"": ""ITC reversal correct"", ""tolerance"": 0.01}, {""operator"": ""numeric"", ""criteria"": ""Net cash payable correct"", ""tolerance"": 0.01}, {""operator"": ""exact"", ""criteria"": ""Due date = 20th of following month""}, {""operator"": ""contradiction"", ""criteria"": ""No part of the answer conflicts with the reference answer""}]","","GST Filings"
"TAX-006","CFO","Tax & Compliance","E-invoice / IRN","Junior (0-3)","Easy","Zoho","Check the month's B2B sales invoices for e-invoicing compliance (IRN generated where turnover > 5 Cr) and flag any missing IRN.","per invoice: Invoice No | IRN Present(Y/N) | Compliant(Y/N)","8","Deterministic","[{""operator"": ""set_match"", ""criteria"": ""Missing-IRN invoices flagged (precision/recall)"", ""tolerance"": 0.01}, {""operator"": ""exact"", ""criteria"": ""Compliance determination correct per invoice""}, {""operator"": ""contradiction"", ""criteria"": ""No part of the answer conflicts with the reference answer""}]","","GST e-invoicing"
"TAX-007","CFO","Tax & Compliance","E-way bill","Junior (0-3)","Easy","Zoho","For the dispatch register, determine which movements require an e-way bill (value > Rs 50,000) and flag any missing.","per movement: Doc | Value | EWB Required(Y/N) | EWB Present(Y/N) | Flag","8","Deterministic","[{""operator"": ""exact"", ""criteria"": ""EWB-required determination correct per threshold""}, {""operator"": ""set_match"", ""criteria"": ""Missing e-way bills flagged (precision/recall)"", ""tolerance"": 0.01}, {""operator"": ""contradiction"", ""criteria"": ""No part of the answer conflicts with the reference answer""}]","","GST e-way bills"
"TAX-008","CFO","Tax & Compliance","Advance tax","Senior (4-7)","Hard","Excel","Compute the quarterly advance-tax instalment due, based on projected annual profit and the prescribed instalment percentages.","Projected PBT | Tax | Cumulative % Due | Instalment Amount | Due Date","30","Deterministic","[{""operator"": ""numeric"", ""criteria"": ""Tax on projected PBT correct"", ""tolerance"": 0.01}, {""operator"": ""numeric"", ""criteria"": ""Cumulative % applied correctly"", ""tolerance"": 0.01}, {""operator"": ""numeric"", ""criteria"": ""Instalment amount correct"", ""tolerance"": 0.01}, {""operator"": ""exact"", ""criteria"": ""Due date correct""}, {""operator"": ""contradiction"", ""criteria"": ""No part of the answer conflicts with the reference answer""}]","","Income Tax - advance tax"
"TAX-009","CFO","Tax & Compliance","Form 16A","Junior (0-3)","Medium","Excel","Prepare Form 16A data for a vendor: quarter-wise TDS deducted and deposited, tying to the 26Q return.","per quarter: TDS Deducted | TDS Deposited | Challan Ref","15","Deterministic","[{""operator"": ""numeric"", ""criteria"": ""Per-quarter TDS deducted correct"", ""tolerance"": 0.01}, {""operator"": ""numeric"", ""criteria"": ""Per-quarter TDS deposited correct"", ""tolerance"": 0.01}, {""operator"": ""exact"", ""criteria"": ""Challan references correct""}, {""operator"": ""contradiction"", ""criteria"": ""Figures tie to the 26Q return""}]","","TDS - Form 16A"
"MIS-003","CFO","Financial Reporting / MIS","Cash flow statement","Senior (4-7)","Medium","Excel","Prepare the monthly cash flow statement (operating, investing, financing) from the trial-balance movement.","CFO | CFI | CFF | Net Change | Closing Cash","35","Deterministic","[{""operator"": ""numeric"", ""criteria"": ""Operating cash flow correct"", ""tolerance"": 0.01}, {""operator"": ""numeric"", ""criteria"": ""Investing cash flow correct"", ""tolerance"": 0.01}, {""operator"": ""numeric"", ""criteria"": ""Financing cash flow correct"", ""tolerance"": 0.01}, {""operator"": ""numeric"", ""criteria"": ""Net change correct"", ""tolerance"": 0.01}, {""operator"": ""contradiction"", ""criteria"": ""Closing cash ties to the balance sheet""}]","","MIS - cash flow"
"MIS-004","CFO","Financial Reporting / MIS","Receivables dashboard","Junior (0-3)","Easy","Zoho","Produce the receivables ageing dashboard: bucket outstanding invoices (0-30, 31-60, 61-90, >90) by customer and compute DSO.","per customer: 0-30 | 31-60 | 61-90 | >90 | Total | DSO","12","Deterministic","[{""operator"": ""numeric"", ""criteria"": ""Each ageing bucket correct"", ""tolerance"": 0.01}, {""operator"": ""numeric"", ""criteria"": ""Per-customer totals correct"", ""tolerance"": 0.01}, {""operator"": ""numeric"", ""criteria"": ""DSO correct"", ""tolerance"": 0.01}, {""operator"": ""contradiction"", ""criteria"": ""No part of the answer conflicts with the reference answer""}]","","MIS - receivables ageing"
"PAY-002","CFO","Payroll","Payslip generation","Junior (0-3)","Easy","Excel","Generate payslips from the processed payroll register: earnings, deductions and net pay per employee.","per employee: Earnings breakup | Deductions breakup | Net Pay","8","Deterministic","[{""operator"": ""numeric"", ""criteria"": ""Earnings breakup correct"", ""tolerance"": 0.01}, {""operator"": ""numeric"", ""criteria"": ""Deductions breakup correct"", ""tolerance"": 0.01}, {""operator"": ""numeric"", ""criteria"": ""Net pay correct"", ""tolerance"": 0.01}, {""operator"": ""contradiction"", ""criteria"": ""No part of the answer conflicts with the reference answer""}]","","Payroll - payslips"
"PAY-003","CFO","Payroll","F&F settlement","Senior (4-7)","Medium","Excel","Compute the full-and-final settlement for an exiting employee: pending salary, leave encashment, notice recovery, and statutory dues.","Pending Salary | Leave Encashment | Notice Recovery | PF/Gratuity | Net F&F","25","Deterministic","[{""operator"": ""numeric"", ""criteria"": ""Pending salary correct"", ""tolerance"": 0.01}, {""operator"": ""numeric"", ""criteria"": ""Leave encashment correct"", ""tolerance"": 0.01}, {""operator"": ""numeric"", ""criteria"": ""Notice recovery correct"", ""tolerance"": 0.01}, {""operator"": ""numeric"", ""criteria"": ""Statutory dues correct"", ""tolerance"": 0.01}, {""operator"": ""numeric"", ""criteria"": ""Net F&F correct"", ""tolerance"": 0.01}, {""operator"": ""contradiction"", ""criteria"": ""No part of the answer conflicts with the reference answer""}]","","Payroll - F&F"
"REV-004","CFO","Review of Books","Duplicate detection","Junior (0-3)","Easy","Tally","Scan the purchase and payment ledgers for duplicate entries (same party, amount, near-date) and list suspected duplicates.","per suspect: Voucher 1 | Voucher 2 | Party | Amount | Reason","12","Deterministic","[{""operator"": ""set_match"", ""criteria"": ""Duplicate pairs flagged (precision/recall)"", ""tolerance"": 0.01}, {""operator"": ""contradiction"", ""criteria"": ""No part of the answer conflicts with the reference answer""}]","","Review of Books - duplicates"
"QRY-003","CFO","Client Query Resolution","Monthly data request","Junior (0-3)","Easy","Email","Draft the standard start-of-month data request email to the client listing the documents needed to begin the close.","Subject | Body: required docs + portal link + deadline + close","10","Judgment","[{""operator"": ""set_match"", ""criteria"": ""All standard close documents requested (checklist)"", ""tolerance"": 0.01}, {""operator"": ""judgment"", ""criteria"": ""Clear, professional and well-structured""}, {""operator"": ""contradiction"", ""criteria"": ""No part of the answer conflicts with the reference answer""}]","","Resolving Queries (60.95 hrs)"
"DD-IRL-005","DD","OneDrive & IRL Management","Follow-up requests","Junior (0-3)","Easy","OneDrive","For items marked Info Partially Shared, draft the follow-up request specifying exactly what is still outstanding.","per item: Sl# | What is Missing | Follow-up Note","15","Judgment","[{""operator"": ""set_match"", ""criteria"": ""All partially-shared items addressed (precision/recall)"", ""tolerance"": 0.01}, {""operator"": ""presence"", ""criteria"": ""Specifies the exact outstanding gap""}, {""operator"": ""judgment"", ""criteria"": ""Clear and professional""}, {""operator"": ""contradiction"", ""criteria"": ""No part of the answer conflicts with the reference answer""}]","","Eldaas IRL - follow-ups"
"DD-IRL-006","DD","OneDrive & IRL Management","Document indexing","Junior (0-3)","Easy","OneDrive","Index received documents into the correct OneDrive folder per the IRL structure; flag any misfiled or unindexed file.","per file: File | Correct Folder | Currently In | Action","12","Deterministic","[{""operator"": ""exact"", ""criteria"": ""Correct folder per IRL structure""}, {""operator"": ""set_match"", ""criteria"": ""Misfiled/unindexed files flagged (precision/recall)"", ""tolerance"": 0.01}, {""operator"": ""contradiction"", ""criteria"": ""No part of the answer conflicts with the reference answer""}]","","Eldaas OneDrive - indexing"
"DD-EXT-004","DD","Document Extraction","Bank accounts & signatories","Junior (0-3)","Easy","OneDrive","From the banking documents, extract the list of bank accounts with signatories and account purpose.","per account: Bank | A/c No (masked) | Type | Signatories | Purpose","12","Deterministic","[{""operator"": ""set_match"", ""criteria"": ""Each bank-account row matches source (precision/recall)"", ""tolerance"": 0.01}, {""operator"": ""contradiction"", ""criteria"": ""No part of the answer conflicts with the reference answer""}]","","Eldaas Finance 8.3 bank accounts"
"DD-EXT-005","DD","Document Extraction","Debt / OD terms","Senior (4-7)","Medium","OneDrive","From the OD sanction letter, extract the facility terms: limit, interest rate, security, covenants and renewal date.","Limit | Rate | Security | Covenants | Renewal Date","25","Deterministic","[{""operator"": ""numeric"", ""criteria"": ""Sanctioned limit correct"", ""tolerance"": 0.01}, {""operator"": ""numeric"", ""criteria"": ""Interest rate correct"", ""tolerance"": 0.01}, {""operator"": ""exact"", ""criteria"": ""Security correct""}, {""operator"": ""exact"", ""criteria"": ""Covenants correct""}, {""operator"": ""exact"", ""criteria"": ""Renewal date correct""}, {""operator"": ""contradiction"", ""criteria"": ""No part of the answer conflicts with the reference answer""}]","","Eldaas Finance 6.0 OD"
"DD-EXT-006","DD","Document Extraction","Director remuneration","Junior (0-3)","Medium","OneDrive","Extract directors' remuneration for each year of the DD period from the financials and board resolutions.","per director per FY: Name | Salary | Commission | Total | Approved(Y/N)","20","Deterministic","[{""operator"": ""numeric"", ""criteria"": ""Each remuneration figure correct"", ""tolerance"": 0.01}, {""operator"": ""exact"", ""criteria"": ""Approval reference present per director""}, {""operator"": ""contradiction"", ""criteria"": ""No part of the answer conflicts with the reference answer""}]","","Eldaas Finance 11.3 director remuneration"
"DD-REC-005","DD","Reconciliation & Tie-Out","Revenue MIS vs financials","Senior (4-7)","Hard","Excel","Reconcile revenue per the management MIS against revenue in the audited financials for each FY; explain deltas.","per FY: Per MIS | Per Financials | Delta | Reason","40","Deterministic","[{""operator"": ""numeric"", ""criteria"": ""Revenue per MIS correct"", ""tolerance"": 0.01}, {""operator"": ""numeric"", ""criteria"": ""Revenue per financials correct"", ""tolerance"": 0.01}, {""operator"": ""set_match"", ""criteria"": ""Deltas flagged (precision/recall)"", ""tolerance"": 0.01}, {""operator"": ""presence"", ""criteria"": ""Reason per delta""}, {""operator"": ""contradiction"", ""criteria"": ""Reconciliation ties""}]","","Eldaas - revenue MIS vs FS"
"DD-REC-006","DD","Reconciliation & Tie-Out","Inventory books vs physical","Senior (4-7)","Hard","Excel","Reconcile inventory per books against the physical verification report; flag and quantify discrepancies.","Per Books | Per Physical | per discrepancy: SKU | Qty Diff | Value Diff","45","Deterministic","[{""operator"": ""numeric"", ""criteria"": ""Books total correct"", ""tolerance"": 0.01}, {""operator"": ""numeric"", ""criteria"": ""Physical total correct"", ""tolerance"": 0.01}, {""operator"": ""set_match"", ""criteria"": ""Discrepancies flagged (precision/recall); match on SKU"", ""tolerance"": 0.01}, {""operator"": ""numeric"", ""criteria"": ""Value difference per SKU correct"", ""tolerance"": 0.01}, {""operator"": ""contradiction"", ""criteria"": ""Reconciliation ties""}]","","Eldaas Finance 7.8 inventory recon"
"DD-REC-007","DD","Reconciliation & Tie-Out","GSTR-9 vs books turnover","Senior (4-7)","Hard","Excel","Reconcile turnover declared in GSTR-9 against turnover in the books for the FY; flag differences.","Turnover per GSTR-9 | per Books | per diff: Nature | Amount","40","Deterministic","[{""operator"": ""numeric"", ""criteria"": ""Turnover per GSTR-9 correct"", ""tolerance"": 0.01}, {""operator"": ""numeric"", ""criteria"": ""Turnover per books correct"", ""tolerance"": 0.01}, {""operator"": ""set_match"", ""criteria"": ""Differences flagged (precision/recall)"", ""tolerance"": 0.01}, {""operator"": ""contradiction"", ""criteria"": ""Reconciliation ties""}]","","Eldaas Tax IDT - GSTR-9 recon"
"DD-RF-005","DD","Red Flag Identification","Revenue concentration","Senior (4-7)","Medium","Excel","Analyze customer-wise revenue to flag concentration risk (any customer > 10% of revenue) across the DD period.","per customer: Revenue | % of Total | Concentration Flag(Y/N) | Trend","25","Hybrid","[{""operator"": ""numeric"", ""criteria"": ""% of total per customer correct"", ""tolerance"": 0.01}, {""operator"": ""exact"", ""criteria"": "">10% concentration flag correct""}, {""operator"": ""judgment"", ""criteria"": ""Concentration-risk commentary sound""}, {""operator"": ""contradiction"", ""criteria"": ""No part of the answer conflicts with the reference answer""}]","","Eldaas Finance 9.6 order book"
"DD-RF-006","DD","Red Flag Identification","Cash transaction limits","Senior (4-7)","Medium","OneDrive","Scan the cash ledger for transactions breaching Sec 269ST / 40A(3) limits and flag potential disallowance or penalty.","per flag: Date | Party | Amount | Section Breached | Exposure","25","Deterministic","[{""operator"": ""set_match"", ""criteria"": ""Breaching transactions flagged (precision/recall) per threshold"", ""tolerance"": 0.01}, {""operator"": ""exact"", ""criteria"": ""Section breached correct""}, {""operator"": ""judgment"", ""criteria"": ""Exposure noted""}, {""operator"": ""contradiction"", ""criteria"": ""No part of the answer conflicts with the reference answer""}]","","Eldaas - cash limits"
"DD-RF-007","DD","Red Flag Identification","Provisioning adequacy","Senior (4-7)","Hard","OneDrive","Assess whether the provision for expected credit loss on receivables is adequate given the ageing; flag under-provisioning.","Ageing >180d | Provision Held | Indicative Provision | Shortfall | Flag","35","Judgment","[{""operator"": ""numeric"", ""criteria"": ""Ageing >180d figure correct"", ""tolerance"": 0.01}, {""operator"": ""numeric"", ""criteria"": ""Provision held correct"", ""tolerance"": 0.01}, {""operator"": ""judgment"", ""criteria"": ""Adequacy assessment sound""}, {""operator"": ""judgment"", ""criteria"": ""Estimated shortfall reasonable""}, {""operator"": ""contradiction"", ""criteria"": ""No part of the answer conflicts with the reference answer""}]","","Eldaas Finance 8.2 ECL"
"DD-TAX-003","DD","Tax Exposure Review","TDS short-deduction","Senior (4-7)","Hard","OneDrive","Review expense payments to identify TDS short-deduction or non-deduction, and quantify the disallowance under Sec 40(a)(ia) and interest.","per default: Payment | TDS Due | TDS Deducted | Shortfall | 40(a)(ia) Disallowance | Interest","45","Deterministic","[{""operator"": ""set_match"", ""criteria"": ""Defaults flagged (precision/recall)"", ""tolerance"": 0.01}, {""operator"": ""numeric"", ""criteria"": ""Shortfall per default correct"", ""tolerance"": 0.01}, {""operator"": ""numeric"", ""criteria"": ""40(a)(ia) disallowance correct"", ""tolerance"": 0.01}, {""operator"": ""numeric"", ""criteria"": ""Interest correct"", ""tolerance"": 0.01}, {""operator"": ""contradiction"", ""criteria"": ""No part of the answer conflicts with the reference answer""}]","","Eldaas Tax DT - TDS defaults"
"DD-SEC-004","DD","Secretarial & Legal Review","RBI / FEMA filings","Senior (4-7)","Hard","OneDrive","Check FEMA filings for foreign investment (FC-GPR, FC-TRS, FLA) against the cap-table changes; flag any missing or late filing.","per event: Type | Due Date | Filed Date | Status(filed/late/missing)","40","Deterministic","[{""operator"": ""set_match"", ""criteria"": ""Reportable events identified (precision/recall)"", ""tolerance"": 0.01}, {""operator"": ""exact"", ""criteria"": ""Filing status correct per event""}, {""operator"": ""contradiction"", ""criteria"": ""No part of the answer conflicts with the reference answer""}]","","Eldaas Secretarial 8.1 RBI"
"DD-RPT-003","DD","DD Findings & Reporting","Working capital / net debt","Senior (4-7)","Hard","Excel","Build the net-debt and net-working-capital bridge for the DD period as inputs to the equity-value adjustment.","per FY: Net Debt | NWC | Adjustments","50","Hybrid","[{""operator"": ""numeric"", ""criteria"": ""Net debt per FY correct"", ""tolerance"": 0.01}, {""operator"": ""numeric"", ""criteria"": ""Net working capital per FY correct"", ""tolerance"": 0.01}, {""operator"": ""judgment"", ""criteria"": ""Adjustment items defensible""}, {""operator"": ""contradiction"", ""criteria"": ""No part of the answer conflicts with the reference answer""}]","","Eldaas - NWC / net debt"
"DD-RPT-004","DD","DD Findings & Reporting","Quality of earnings","Senior (4-7)","Hard","Excel","Prepare the quality-of-earnings adjustments: normalize EBITDA for one-offs, related-party and non-recurring items.","Reported EBITDA | per adjustment: Item | Amount | Rationale | Adjusted EBITDA","50","Judgment","[{""operator"": ""numeric"", ""criteria"": ""Reported EBITDA correct"", ""tolerance"": 0.01}, {""operator"": ""set_match"", ""criteria"": ""Adjustment items identified (recall checklist)"", ""tolerance"": 0.01}, {""operator"": ""judgment"", ""criteria"": ""Each adjustment defensible""}, {""operator"": ""numeric"", ""criteria"": ""Adjusted EBITDA derived correctly"", ""tolerance"": 0.01}, {""operator"": ""contradiction"", ""criteria"": ""No part of the answer conflicts with the reference answer""}]","","Eldaas - QoE"
