gstin,vendor_name,invoice_number,invoice_date,invoice_value,gst_rate,taxable_value,igst,cgst,sgst,purchase_ledger,name_as_per_tally
32AODPR5380K1ZP,,Billed,03/02/2026,284970.00,,,,,,,
32AODPR5380K1ZP,,Billed,31/07/2025,365800.00,,,,,,,
36AAECR8516M1ZW,Radiant Consumer Appliances Pvt Ltd,HYD8-8218,06.12.2025,195.00,18,5851.70,1053.30,0.00,0.00,,
32ABACA8568K1ZF,,ARKB2B-04,14/06/2025,11800.00,,,,,,,
32ABACA8568K1ZF,,ARKB2B-09,14/08/2025,90566.00,,,,,,,
29AAQCA9394N1ZG,,17991,9/10/2025,68114.74,,,,,,,
29AAQCA9394N1ZG,,20188,08/11/2025,70867.85,,,,,,,
29AAQCA9394N1ZG,,21770,05/12/2025,42706.89,,,,,,,
29AAQCA9394N1ZG,,24021,07/01/2026,56663.49,,,,,,,
29AAQCA9394N1ZG,,25802,06/02/2026,103235.97,,,,,,,
07ACJPL6898G1ZZ,AERIAL INFOTECH,IN-719,10.09.2025,599.00,12,534.82,64.18,0.00,0.00,,
32ELAPK5261E1ZI,,31,,118000.00,,100000.00,,,,,
32ELAPK5261E1ZI,,46,,413000.00,,350000.00,,,,,
09BVEPG3244C1ZZ,Akaay Enterprises,IN-1717,04.08.2025,299.00,18,253.39,45.61,0.00,0.00,,
24AASCA1881A1ZV,ALPINO HEALTH FOODS PRIVATE LIMITED,XHRC-122091,25.11.2025,302.00,5,287.62,14.38,0.00,0.00,,
24AASCA1881A1ZV,ALPINO HEALTH FOODS PRIVATE LIMITED,XHRC-153772,11.02.2026,302.00,5,287.62,14.38,0.00,0.00,,
09EQIPS0626E1ZQ,,AC/2025-2026/383,10-12-2025,35115.00,18,,5357.00,0.00,0.00,,
09EQIPS0626E1ZQ,,AC/2025-2026/444,06-01-2026,26168.00,18,,3992.00,0.00,0.00,,
09EQIPS0626E1ZQ,,AC/2025-2026/516,04-02-2026,31846.00,18,,4858.00,0.00,0.00,,
09EQIPS0626E1ZQ,,AC/2025-2026/316,11-11-2025,60367.00,18,,9209.00,0.00,0.00,,
33AAAFA1203H1ZE,ARAVIND,CJB1-2115,04.06.2025,255.00,18,216.10,38.90,0.00,0.00,,
27BPTPM0364J1ZE,,AC/197,,373380.00,,355600.00,,,,,
27BPTPM0364J1ZE,,AC/216,,276701.00,,263525.00,,,,,
27BPTPM0364J1ZE,,AC/222,,33338.00,,31750.00,,,,,
32AAECA5548E1Z0,,3212500003746455,,23599.51,,,,,,,
32AAECA5548E1Z0,,3212500001380887,,23599.51,,,,,,,
32AAECA5548E1Z0,,3212500002379697,,23599.51,,,,,,,
32AAECA5548E1Z0,,3212500002803523,,23599.51,,,,,,,
32AAECA5548E1Z0,,3212500003145995,,23599.51,,,,,,,
32AAECA5548E1Z0,,3212500003445710,,23599.51,,,,,,,
06ABBFB1471A1Z7,,DATE,28/08/2025,361058.25,,,,,,,
06ABBFB1471A1Z7,,DATE,28/08/2025,153284.25,,,,,,,
06ABBFB1471A1Z7,,DATE,,549990.00,,,,,,,
06ABBFB1471A1Z7,,DATE,,,,,,,,,
06ABBFB1471A1Z7,,DATE,,,,,,,,,
06ABBFB1471A1Z7,,DATE,,,,,,,,,
06ABBFB1471A1Z7,,DATE,,,,,,,,,
06ABBFB1471A1Z7,,DATE,,,,,,,,,
06ABBFB1471A1Z7,,DATE,,,,,,,,,
06ABBFB1471A1Z7,,DATE,,,,,,,,,
06ABBFB1471A1Z7,,DATE,,264741.75,,,,,,,
06ABBFB1471A1Z7,,DATE,,,,,,,,,
33AHXPT7934L1ZA,,40,26.11.2025,179550.00,2.5,,0.00,4275.00,0.00,,
33AHXPT7934L1ZA,,40,26.11.2025,727177.00,2.5,,0.00,17313.75,0.00,,
29AASCM2174Q1ZG,,42002272,11.02.2026,11800.00,18,,0.00,900.00,900.00,,
29AASCM2174Q1ZG,,42002271,11.02.2026,7994.00,18,,0.00,610.00,610.00,,
29AALCB6668H1Z2,,Dated,,8813.95,,,,,,,
32AASCM2174Q1ZT,,Invoice,19.09.2025,31329.00,,,,,,,
32AASCM2174Q1ZT,,1800000356,25.07.2025,26550.00,,,,,,,
32AASCM2174Q1ZT,,1800000497,30.09.2025,26550.00,,,,,,,
32AASCM2174Q1ZT,,1800000628,30.09.2025,17700.00,,,,,,,
32AASCM2174Q1ZT,,1800000803,28.12.2025,44250.00,,,,,,,
24AAACB0446L1ZY,,2025B24R00001324,30/11/2025,1144.31,18,969.75,174.56,0.00,0.00,,
32AAACB0446L1Z1,,2025B32R00000730,30/11/2025,428431.61,18,363077.63,0.00,32676.99,32676.99,,
32AAACB0446L1Z1,,2025832R00001204,31/08/2025,1416832.60,18,1200705.60,0.00,108063.50,108063.50,,
32AAACB0446L1Z1,,2025932R00000971,30/09/2025,402505.39,18,341106.27,0.00,30699.56,30699.56,,
32AAACB0446L1Z1,,2025A32R00000532,31/10/2025,446844.14,18,378681.48,0.00,34081.33,34081.33,,
32AAACB0446L1Z1,,2025C32R00001248,31/12/2025,15984.24,18,13545.96,0.00,1219.14,1219.14,,
08AAACB0446L1ZS,,2026108R00000445,31/01/2026,375.76,18,318.44,57.32,0.00,0.00,,
24AAACB0446L1ZY,,2026124R00003075,31/01/2026,1127.28,18,955.32,171.96,0.00,0.00,,
27AAACB0446L1ZS,,2026127R00001844,31/01/2026,1526.11,18,1293.31,232.80,0.00,0.00,,
29AAACB0446L1ZO,,2026129R00005280,31/01/2026,1134.12,18,961.12,173.00,0.00,0.00,,
32AAACB0446L1Z1,,2026132R00000336,31/01/2026,373600.28,18,316610.40,0.00,28494.94,28494.94,,
32AAACB0446L1Z1,,2026132R00000337,31/01/2026,442807.81,18,375260.85,0.00,33773.48,33773.48,,
32AAACB0446L1Z1,,2026132R00000338,31/01/2026,362787.77,18,307447.27,0.00,27670.25,27670.25,,
32AAACB0446L1Z1,,2026132R00000339,31/01/2026,297405.87,18,252038.87,0.00,22683.50,22683.50,,
32AAACB0446L1Z1,,2026132R00000340,31/01/2026,11697.29,18,9912.95,0.00,892.17,892.17,,
33AAACB0446L1ZZ,,2026133R00003775,31/01/2026,2140.51,18,1813.99,326.52,0.00,0.00,,
36AAACB0446L1ZT,,2026136R00003343,31/01/2026,375.76,18,318.44,57.32,0.00,0.00,,
37AAACB0446L1ZR,,2026137R00000789,31/01/2026,1127.28,18,955.32,171.96,0.00,0.00,,
32AAACB0446L1Z1,,2026232R00001314,28/02/2026,191866.00,18,162598.30,0.00,14633.85,14633.85,,
32AAACB0446L1Z1,,2025B32R00000729,30/11/2025,336661.12,18,285306.04,0.00,25677.54,25677.54,,
32AAACB0446L1Z1,,2025532R00000676,31/05/2025,1281328.81,18,1085871.87,0.00,97728.47,97728.47,,
32AAACB0446L1Z1,,2025732R00000379,31/07/2025,431339.35,18,365541.83,0.00,32898.76,32898.76,,
32AAACB0446L1Z1,,2025732R00000380,31/07/2025,707606.77,18,599666.75,0.00,53970.01,53970.01,,
32AAACB0446L1Z1,,2025532R00000983,31/05/2025,3434.50,18,2910.60,0.00,261.95,261.95,,
32AAACB0446L1Z1,,2025832R00001203,31/08/2025,672177.72,18,569642.14,0.00,51267.79,51267.79,,
32AAACB0446L1Z1,,2025932R00000972,30/09/2025,643772.09,18,545569.57,0.00,49101.26,49101.26,,
03AAACB0446L3Z0,,2025A03R00000162,31/10/2025,384.16,18,325.56,58.60,0.00,0.00,,
07AAACB0446L1ZU,,2025A07R00000676,31/10/2025,1536.64,18,1302.24,234.40,0.00,0.00,,
09AAACB0446L1ZQ,,2025A09R00000484,31/10/2025,384.16,18,325.56,58.60,0.00,0.00,,
21AAACB0446L1Z4,,2025A21R00000320,31/10/2025,384.16,18,325.56,58.60,0.00,0.00,,
24AAACB0446L1ZY,,2025A24R00004984,31/10/2025,1920.80,18,1627.80,293.00,0.00,0.00,,
27AAACB0446L1ZS,,2025A27R00017239,31/10/2025,2202.66,18,1866.66,336.00,0.00,0.00,,
32AAACB0446L1Z1,,2025A32R00000533,31/10/2025,557111.39,18,472128.29,0.00,42491.55,42491.55,,
32AAACB0446L1Z1,,2025A32R00000534,31/10/2025,77059.32,18,65304.50,0.00,5877.41,5877.41,,
32AAACB0446L1Z1,,2025A32R00000535,31/10/2025,14697.43,18,12455.45,0.00,1120.99,1120.99,,
32AAACB0446L1Z1,,2025A32R00000690,31/10/2025,8420.10,18,7135.68,0.00,642.21,642.21,,
33AAACB0446L1ZZ,,2025A33R00005162,31/10/2025,3370.72,18,2856.54,514.18,0.00,0.00,,
24AAACB0446L1ZY,,2026224R00000869,28/02/2026,134.78,18,114.22,20.56,0.00,0.00,,
32AAACB0446L1Z1,,2026232R00001315,28/02/2026,223792.36,18,189654.54,0.00,17068.91,17068.91,,
32AAACB0446L1Z1,,2025532R00000677,31/05/2025,995582.83,18,843714.27,0.00,75934.28,75934.28,,
32AAACB0446L1Z1,,2025A32R00000691,31/10/2025,2096.46,18,1776.66,0.00,159.90,159.90,,
,,2025432R00000664,30-04-2025,1146481.66,18,971594.62,0.00,87443.52,87443.52,,
,,2025432R00000665,30-04-2025,972761.81,18,824374.41,0.00,74193.70,74193.70,,
32AAACB0446L1Z1,,2025432R00000819,30/04/2025,4505.00,18,3817.80,0.00,343.60,343.60,,
29AAACB0446L1ZO,,2025A29R00005712,31/10/2025,3132.19,18,2654.40,477.79,0.00,0.00,,
36AAACB0446L1ZT,,2025A36R00002685,31/10/2025,3009.59,18,2550.50,459.09,0.00,0.00,,
37AAACB0446L1ZR,,2025A37R00001329,31/10/2025,768.32,18,651.12,117.20,0.00,0.00,,
07AAACB0446L1ZU,,2025B07R00000336,30/11/2025,381.44,18,323.25,58.19,0.00,0.00,,
08AAACB0446L1ZS,,2025B08R00000093,30/11/2025,1144.31,18,969.75,174.56,0.00,0.00,,
18AAACB0446L1ZR,,2025B18R00000559,30/11/2025,406.26,18,344.29,61.97,0.00,0.00,,
19AAACB0446L1ZP,,2025B19R00001446,30/11/2025,381.44,18,323.25,58.19,0.00,0.00,,
20AAACB0446L1Z6,,2025B20R00000136,30/11/2025,384.16,18,325.56,58.60,0.00,0.00,,
21AAACB0446L1Z4,,2025B21R00000214,30/11/2025,381.44,18,323.25,58.19,0.00,0.00,,
23AAACB0446L1Z0,,2025B23R00000081,30/11/2025,381.44,18,323.25,58.19,0.00,0.00,,
27AAACB0446L1ZS,,2025B27R00007250,30/11/2025,832.03,18,705.11,126.92,0.00,0.00,,
29AAACB0446L1ZO,,2025B29R00000371,30/11/2025,2407.45,18,2040.21,367.24,0.00,0.00,,
32AAACB0446L1Z1,,2025B32R00000731,30/11/2025,563405.13,18,477461.97,0.00,42971.58,42971.58,,
32AAACB0446L1Z1,,2025B32R00000732,30/11/2025,514557.09,18,436065.33,0.00,39245.88,39245.88,,
33AAACB0446L1ZZ,,2025B33R00002073,30/11/2025,4604.70,18,3902.29,702.41,0.00,0.00,,
36AAACB0446L1ZT,,2025B36R00000745,30/11/2025,1525.74,18,1293.00,232.74,0.00,0.00,,
37AAACB0446L1ZR,,2025B37R00000215,30/11/2025,762.87,18,646.50,116.37,0.00,0.00,,
10AAACB0446L1Z7,,2025C10R00001053,31/12/2025,381.44,18,323.25,58.19,0.00,0.00,,
19AAACB0446L1ZP,,2025C19R00003615,31/12/2025,762.87,18,646.50,116.37,0.00,0.00,,
21AAACB0446L1Z4,,2025C21R00000894,31/12/2025,381.44,18,323.25,58.19,0.00,0.00,,
23AAACB0446L1Z0,,2025C23R00001635,31/12/2025,381.44,18,323.25,58.19,0.00,0.00,,
24AAACB0446L1ZY,,2025C24R00003706,31/12/2025,1907.18,18,1616.25,290.93,0.00,0.00,,
27AAACB0446L1ZS,,2025C27R00007857,31/12/2025,5235.29,18,4436.69,798.60,0.00,0.00,,
29AAACB0446L1ZO,,2025C29R00003774,31/12/2025,1743.93,18,1477.91,266.02,0.00,0.00,,
30AAACB0446L1Z5,,2025C30R00000068,31/12/2025,381.44,18,323.25,58.19,0.00,0.00,,
32AAACB0446L1Z1,,2025C32R00001170,31/12/2025,533371.85,18,452010.05,0.00,40680.90,40680.90,,
32AAACB0446L1Z1,,2025C32R00001171,31/12/2025,652317.06,18,552811.06,0.00,49753.00,49753.00,,
32AAACB0446L1Z1,,2025C32R00001172,31/12/2025,909412.41,18,770688.49,0.00,69361.96,69361.96,,
32AAACB0446L1Z1,,2025C32R00001173,31/12/2025,546625.30,18,463241.78,0.00,41691.76,41691.76,,
32AAACB0446L1Z1,,2025C32R00001174,31/12/2025,30063.65,18,25477.67,0.00,2292.99,2292.99,,
33AAACB0446L1ZZ,,2025C33R00005664,31/12/2025,15753.94,18,13350.80,2403.14,0.00,0.00,,
36AAACB0446L1ZT,,2025C36R00000897,31/12/2025,4715.54,18,3996.22,719.32,0.00,0.00,,
37AAACB0446L1ZR,,2025C37R00000926,31/12/2025,3473.68,18,2943.80,529.88,0.00,0.00,,
23AAACB0446L1Z0,,2026123R00001100,31/01/2026,375.76,18,318.44,57.32,0.00,0.00,,
32AAACB0446L1Z1,,2026132R00000423,31/01/2026,9807.13,18,8311.13,0.00,748.00,748.00,,
27AAACB0446L1ZS,,2026227R00018985,28/02/2026,206.44,18,174.95,31.49,0.00,0.00,,
29AAACB0446L1ZO,,2026229R00006243,28/02/2026,112.24,18,95.12,17.12,0.00,0.00,,
32AAACB0446L1Z1,,2026232R00001316,28/02/2026,142642.19,18,120883.21,0.00,10879.49,10879.49,,
32AAACB0446L1Z1,,2026232R00001317,28/02/2026,117192.25,18,99315.47,0.00,8938.39,8938.39,,
32AAACB0446L1Z1,,2025632R00001006,30/06/2025,554114.26,18,469588.36,0.00,42262.95,42262.95,,
32AAACB0446L1Z1,,2025632R00001007,30/06/2025,522218.31,18,442557.89,0.00,39830.21,39830.21,,
32AAACB0446L1Z1,,2025932R00001045,30/09/2025,33960.35,18,28779.95,0.00,2590.20,2590.20,,
09AAACB0446L1ZQ,,2025B09R00000209,30/11/2025,381.44,18,323.25,58.19,0.00,0.00,,
27AAACB0446L1ZS,,2025B27R00007253,30/11/2025,2555.24,18,2165.46,389.78,0.00,0.00,,
32AAACB0446L1Z1,,2025B32R00000882,30/11/2025,601.36,18,509.62,0.00,45.87,45.87,,
32AAACB0446L1Z1,,2025B32R00000883,30/11/2025,3866.10,18,3276.36,0.00,294.87,294.87,,
09AAACB0446L1ZQ,,2025C09R00001413,31/12/2025,832.03,18,705.11,126.92,0.00,0.00,,
09AAACB0446L1ZQ,,2026109R00001078,31/01/2026,375.76,18,318.44,57.32,0.00,0.00,,
24EUCPS5703N1Z9,Blue Horse International,VJZR-7151,26.09.2025,2130.00,,,,,,,
24EUCPS5703N1Z9,Blue Horse International,VJZR-7151,26.09.2025,2130.00,5,2028.57,101.43,0.00,0.00,,
29ACSPN4491Q1ZC,,Dated,,6300.00,,,,,,,
32DHBPS0261Q1Z4,,CIT/016/2025-2026,03/06/2025,105610.00,,,,,,,
32DHBPS0261Q1Z4,,CIT/017/2025-2026,04/06/2025,157058.00,,,,,,,
32DHBPS0261Q1Z4,,CIT/027/2025-2026,23/06/2025,22420.00,,,,,,,
32AMYPG0433H1Z6,,KPM0090,18/06/2025,15750.00,,15000.00,,,,,
32AMYPG0433H1Z6,,KPM0096,05/07/2025,23625.00,,22500.00,,,,,
32AMYPG0433H1Z6,,KPM0079,26/05/2025,23625.00,,22500.00,,,,,
32AMYPG0433H1Z6,,KPM0117,11/09/2025,19950.00,,19000.00,,,,,
32AMYPG0433H1Z6,,KPM0131,29/10/2025,29400.00,,28000.00,,,,,
32AALCC5039R1Z6,,INV-002579,09/01/2026,6483.76,,,,,,,
24AANPR8451M1ZZ,CHERIAN ENTERPRISES,AMD2-1171,05.05.2025,3830.40,18,3246.10,584.30,0.00,0.00,,
24AANPR8451M1ZZ,CHERIAN ENTERPRISES,AMD2-3862,12.08.2025,4434.49,18,3758.04,676.45,0.00,0.00,,
29AANPR8451M1ZP,CHERIAN ENTERPRISES,BLR7-10525,14.01.2026,4301.45,18,3645.29,656.16,0.00,0.00,,
29ADCPT8466G1ZY,SP Infotech,BLR7-8177,14.01.2026,4301.46,18,4913.94,884.52,0.00,0.00,,
29AANPR8451M1ZP,CHERIAN ENTERPRISES,BLR8-14563,01.12.2025,4301.45,18,3645.29,656.16,0.00,0.00,,
29AANPR8451M1ZP,CHERIAN ENTERPRISES,BLR8-390,07.04.2025,4214.16,18,3571.32,642.84,0.00,0.00,,
29AANPR8451M1ZP,CHERIAN ENTERPRISES,BLR8-391,07.04.2025,4214.16,18,3571.32,642.84,0.00,0.00,,
29AANPR8451M1ZP,CHERIAN ENTERPRISES,BLR8-6425,18.07.2025,4246.00,18,3598.31,647.69,0.00,0.00,,
27AANPR8451M1ZT,CHERIAN ENTERPRISES,BOM5-13884,23.01.2026,4301.45,18,3645.29,656.16,0.00,0.00,,
27AANPR8451M1ZT,CHERIAN ENTERPRISES,BOM5-5782,12.08.2025,4434.49,18,3758.04,676.45,0.00,0.00,,
27AANPR8451M1ZT,CHERIAN ENTERPRISES,BOM7-8226,13.12.2025,4301.45,18,3645.29,656.16,0.00,0.00,,
19AANPR8451M1ZQ,CHERIAN ENTERPRISES,CCX1-1638,19.05.2025,3983.27,18,3375.65,607.62,0.00,0.00,,
33AANPR8451M1Z0,CHERIAN ENTERPRISES,CJB1-10077,23.01.2026,4301.46,18,3645.30,656.16,0.00,0.00,,
33AANPR8451M1Z0,CHERIAN ENTERPRISES,CJB1-2466,24.06.2025,4033.70,18,3418.39,615.31,0.00,0.00,,
33AANPR8451M1Z0,CHERIAN ENTERPRISES,CJB1-3280,18.07.2025,4246.00,18,3598.31,647.69,0.00,0.00,,
33AANPR8451M1Z0,CHERIAN ENTERPRISES,CJB1-8340,01.12.2025,4301.46,18,3645.30,656.16,0.00,0.00,,
06AANPR8451M1ZX,CHERIAN ENTERPRISES,DED4-3178,25.08.2025,4434.49,18,3758.04,676.45,0.00,0.00,,
06AANPR8451M1ZX,CHERIAN ENTERPRISES,DED4-3179,25.08.2025,4434.49,18,3758.04,676.45,0.00,0.00,,
18AANPR8451M1ZS,CHERIAN ENTERPRISES,GAX1-506,19.05.2025,3983.27,18,3375.65,607.62,0.00,0.00,,
18AANPR8451M1ZS,CHERIAN ENTERPRISES,GAX1-507,19.05.2025,3983.27,18,3375.65,607.62,0.00,0.00,,
36AANPR8451M1ZU,CHERIAN ENTERPRISES,HYD8-1937,24.06.2025,4033.70,18,3418.39,615.31,0.00,0.00,,
36AANPR8451M1ZU,CHERIAN ENTERPRISES,HYD8-441,19.04.2025,4003.45,18,3392.75,610.70,0.00,0.00,,
36AANPR8451M1ZU,CHERIAN ENTERPRISES,HYD8-442,19.04.2025,4003.45,18,3392.75,610.70,0.00,0.00,,
09AANPR8451M1ZR,CHERIAN ENTERPRISES,LKO1-1270,05.05.2025,3830.40,18,3246.10,584.30,0.00,0.00,,
33AANPR8451M1Z0,CHERIAN ENTERPRISES,MAA4-7121,08.11.2025,4301.45,18,3645.29,656.16,0.00,0.00,,
33AANPR8451M1Z0,CHERIAN ENTERPRISES,MAA4-7123,08.11.2025,4301.46,18,3645.30,656.16,0.00,0.00,,
33AANPR8451M1Z0,CHERIAN ENTERPRISES,MAA4-8550,13.12.2025,4301.46,18,3645.30,656.16,0.00,0.00,,
27AANPR8451M1ZT,CHERIAN ENTERPRISES,TWCX-1454,19.05.2025,7966.56,18,6751.32,1215.24,0.00,0.00,,
27AANPR8451M1ZT,CHERIAN ENTERPRISES,TWCX-5755,06.10.2025,8602.91,18,7290.59,1312.32,0.00,0.00,,
27AADCV6807E1ZB,,260108133512387,08-01-2026,,,,,,,,
24AAJCC9783E1ZD,CLICKTECH RETAIL PRIVATE LIMITED,AMD2-1128454,05.07.2025,9808.08,18,8311.92,1496.16,0.00,0.00,,
29AAJCC9783E1Z3,CLICKTECH RETAIL PRIVATE LIMITED,BLR7-1327437,24.06.2025,9698.00,18,8218.64,1479.36,0.00,0.00,,
29AAJCC9783E1Z3,CLICKTECH RETAIL PRIVATE LIMITED,BLR8-1197796,14.06.2025,1596.00,18,1352.56,243.44,0.00,0.00,,
29AAJCC9783E1Z3,CLICKTECH RETAIL PRIVATE LIMITED,BLR8-1197808,14.06.2025,7695.96,18,6522.00,1173.96,0.00,0.00,,
29AAJCC9783E1Z3,CLICKTECH RETAIL PRIVATE LIMITED,BLR8-411585,28.04.2025,3799.00,18,3219.49,579.51,0.00,0.00,,
29AAJCC9783E1Z3,CLICKTECH RETAIL PRIVATE LIMITED,BLR8-630954,09.05.2025,86970.00,18,73703.40,13266.60,0.00,0.00,,
29AAJCC9783E1Z3,CLICKTECH RETAIL PRIVATE LIMITED,BLR8-631083,09.05.2025,28990.00,18,24567.80,4422.20,0.00,0.00,,
29AAJCC9783E1Z3,CLICKTECH RETAIL PRIVATE LIMITED,BLR8-631155,09.05.2025,3290.00,18,2788.10,501.90,0.00,0.00,,
29BBTPR7956K1ZC,KVS ENTERPRISES,BLR8-712,16.06.2025,7695.96,18,9462.00,1703.16,0.00,0.00,,
33AAJCC9783E1ZE,CLICKTECH RETAIL PRIVATE LIMITED,CJB1-2405441,26.09.2025,3479.00,18,2948.29,530.71,0.00,0.00,,
33AAJCC9783E1ZE,CLICKTECH RETAIL PRIVATE LIMITED,CJB1-720646,04.06.2025,1578.00,18,1337.29,240.71,0.00,0.00,,
32AAJCC8517E1ZU,COCOBLU RETAIL LIMITED,COX1-590823,23.01.2026,2990.00,9,2728.14,0.00,245.58,0.00,,
36AAECR8516M1ZW,Radiant Consumer Appliances Pvt Ltd,HYD3-742,11.07.2025,4170.00,18,5800.85,1044.14,0.00,0.00,,
33AAJCC9783E1ZE,CLICKTECH RETAIL PRIVATE LIMITED,SCJF-94275,19.12.2025,16999.00,18,14405.93,2593.07,0.00,0.00,,
29AAJCC8517E1ZH,COCOBLU RETAIL LIMITED,BLR7-3852186,12.09.2025,2385.00,18,2021.19,363.81,0.00,0.00,,
33AAJCC8517E1ZS,COCOBLU RETAIL LIMITED,CJB1-2289582,12.09.2025,2385.00,18,2021.19,363.81,0.00,0.00,,
32AAJCC8517E1ZU,COCOBLU RETAIL LIMITED,COX1-590823,23.01.2026,2990.00,9,2728.14,0.00,245.58,0.00,,
29AAECC6213A1Z5,,Dated,,27000.00,,,,,,,
33AAECC6213A2ZF,,Dated,,27000.00,,,,,,,
33AAECC6213A2ZF,,Dated,,630.00,,,,,,,
36AAECC6213A1ZA,,Dated,,27000.00,,,,,,,
08AAECC6213A1Z9,,Dated,,16875.00,,,,,,,
06AACCC3432F1Z6,,Dated,,4050.00,,,,,,,
32AASCM2174Q1ZT,,2521300558,22-12-2025,71980.00,,71980.00,,,,,
29AAJCC4019M1ZB,,2591001892,23-12-2025,71980.00,,71980.00,,,,,
33DZZPP8843P1ZY,,CI-MDS/24-25/001,,174195.00,,,,,,,
33DZZPP8843P1ZY,,CI-MDS/24-25/002,,500535.00,,,,,,,
33DZZPP8843P1ZY,,CI-MDS/24-25/003,,9497.00,,,,,,,
33DZZPP8843P1ZY,,CI-MDS/24-25/004,,66481.00,,,,,,,
33DZZPP8843P1ZY,,CI-MDS/24-25/006,,208236.00,,,,,,,
33DZZPP8843P1ZY,,CI-MDS/24-25/008,,186690.00,,,,,,,
33DZZPP8843P1ZY,,CI-MDS/24-25/009,,530670.00,,,,,,,
33DZZPP8843P1ZY,,CI-MDS/24-25/010,,14774.00,,,,,,,
33DZZPP8843P1ZY,,CI-MDS/24-25/011,,607320.00,,,,,,,
33DZZPP8843P1ZY,,CI-MDS/24-25/012,,141230.00,,,,,,,
33DZZPP8843P1ZY,,CI-MDS/24-25/013,,312948.00,,,,,,,
33DZZPP8843P1ZY,,CI-MDS/24-25/014,,610050.00,,,,,,,
33DZZPP8843P1ZY,,CI-MDS/24-25/015,,156923.00,,,,,,,
33DZZPP8843P1ZY,,CI-MDS/24-25/016,,305326.00,,,,,,,
33DZZPP8843P1ZY,,CI-MDS/24-25/017,,407327.00,,,,,,,
33DZZPP8843P1ZY,,CI-MDS/24-25/018,,434003.00,,,,,,,
33DZZPP8843P1ZY,,CI-MDS/25-26/001,,764306.00,,,,,,,
33DZZPP8843P1ZY,,CI-MDS/25-26/002,,439236.00,,,,,,,
33DZZPP8843P1ZY,,CI-MDS/25-26/003,,403133.00,,,,,,,
33DZZPP8843P1ZY,,CI-MDS/25-26/003,,403133.00,,,,,,,
33DZZPP8843P1ZY,,CI-MDS/25-26/004,,359386.00,,,,,,,
33DZZPP8843P1ZY,,CI-MDS/25-26/005,,414398.00,,,,,,,
33DZZPP8843P1ZY,,CI-MDS/25-26/006,,503291.00,,,,,,,
33DZZPP8843P1ZY,,CI-MDS/25-26/007,,194597.00,,,,,,,
33DZZPP8843P1ZY,,CI-MDS/25-26/008,,60501.00,,,,,,,
33DZZPP8843P1ZY,,CI-MDS/25-26/009,,205538.00,,,,,,,
33DZZPP8843P1ZY,,CI-MDS/25-26/011,,370387.00,,,,,,,
33DZZPP8843P1ZY,,CI-MDS/25-26/012,,399583.00,,,,,,,
33DZZPP8843P1ZY,,CI-MDS/25-26/013,,264915.00,,,,,,,
33DZZPP8843P1ZY,,CI-MDS/25-26/014,,336798.00,,,,,,,
33DZZPP8843P1ZY,,CI-MDS/25-26/015,,306374.00,,,,,,,
33DZZPP8843P1ZY,,CI-MDS/25-26/017,,83160.00,,,,,,,
33DZZPP8843P1ZY,,CI-MDS/25-26/018,,74219.00,,,,,,,
33DZZPP8843P1ZY,,CI-MDS/25-26/019,,403940.00,,,,,,,
33DZZPP8843P1ZY,,CI-MDS/25-26/020,,454010.00,,,,,,,
33DZZPP8843P1ZY,,CI-MDS/25-26/023,,683298.00,,,,,,,
33DZZPP8843P1ZY,,CI-MDS/25-26/024,,636253.00,,,,,,,
33DZZPP8843P1ZY,,CI-MDS/25-26/025,,312774.00,,,,,,,
33DZZPP8843P1ZY,,CI-MDS/25-26/026,,262175.00,,,,,,,
33DZZPP8843P1ZY,,CI-MDS/25-26/027,,562716.00,,,,,,,
33DZZPP8843P1ZY,,CI-MDS/25-26/028,,501113.00,,,,,,,
33DZZPP8843P1ZY,,CI-MDS/25-26/029,,505890.00,,,,,,,
33DZZPP8843P1ZY,,CI-MDS/25-26/032,,252221.00,,,,,,,
33DZZPP8843P1ZY,,CI-MDS/25-26/033,,548126.00,,,,,,,
29AECPT9561P1ZF,,Dated,,329844.42,,,,,,,
29AECPT9561P1ZF,,Dated,,340394.58,,,,,,,
29AAACD8017H1ZO,,KA2926TS036676,31.10.2025,10.60,18,24676.85,4441.83,0.00,0.00,,
29AAACD8017H1ZO,,KA2926TS046542,31.12.2025,106.00,18,34613.36,6230.40,0.00,0.00,,
29AAACD8017H1ZO,,KA2926TS050914,31.01.2026,65.00,18,19034.31,3426.18,0.00,0.00,,
29AAACD8017H1ZO,,KA2926TS056847,28.02.2026,10.60,18,3157.20,568.30,0.00,0.00,,
32AAACD8017H1Z1,,KL3226TS028872,31.10.2025,65.00,18,65964.97,0.00,5936.85,5936.85,,
32AAACD8017H1Z1,,KL3226TS032603,30.11.2025,9.80,18,5133.39,0.00,462.01,462.01,,
32AAACD8017H1Z1,,KL3226TS036823,31.12.2025,47.00,18,46381.93,0.00,4174.37,4174.37,,
32AAACD8017H1Z1,,KL3226TS040487,31.01.2026,65.00,18,42076.21,0.00,3786.86,3786.86,,
32AAACD8017H1Z1,,KL3226TS045154,28.02.2026,10.60,18,12509.46,0.00,1125.85,1125.85,,
33AAHCD4922E1Z0,,DVS/T/2526/036,11/07/2025,118000.00,,,,,,,
32AAMFD6344E3ZL,,138420252652,16/8/2025,562069.40,18,476330.00,0.00,42869.70,42869.70,,
32AAMFD6344E3ZL,,138420252654,01/9/2025,393813.20,18,333740.00,0.00,30036.60,30036.60,,
32AAMFD6344E3ZL,,138420252663,16/9/2025,76983.20,18,65240.00,0.00,5871.60,5871.60,,
32AAMFD6344E3ZL,,138420252673,16/10/2025,75862.20,18,64290.00,0.00,5786.10,5786.10,,
32AAMFD6344E3ZL,,138420252684,01/12/2025,6242.20,18,5290.00,0.00,476.10,476.10,,
32AAMFD6344E3ZL,,138420252694,01/01/2026,28674.00,18,24300.00,0.00,2187.00,2187.00,,
32AAMFD6344E3ZL,,138420252704,01/02/2026,19458.20,18,16490.00,0.00,1484.10,1484.10,,
32AAMFD6344E3ZL,,138420252643,16/6/2025,356737.60,18,302320.00,0.00,27208.80,27208.80,,
32AAMFD6344E3ZL,,138420252664,01/10/2025,108099.80,18,91610.00,0.00,8244.90,8244.90,,
32AAMFD6344E3ZL,,138420252675,01/11/2025,16307.60,18,13820.00,0.00,1243.80,1243.80,,
32AAMFD6344E3ZL,,138420252633,16/6/2025,72747.00,18,61650.00,0.00,5548.50,5548.50,,
32AAMFD6344E3ZL,,138420252634,16/6/2025,132313.40,18,112130.00,0.00,10091.70,10091.70,,
29AAVFD5589Q1ZZ,,077,,106200.00,18,,16200.00,0.00,0.00,,
29AAVFD5589Q1ZZ,,126,,118000.00,18,,18000.00,0.00,0.00,,
29AAFCE7987E1Z3,,Dated,,15879.60,,,,,,,
29AAFCE7987E1Z3,,Dated,,21740.40,,,,,,,
29AAFCE7987E1Z3,,Dated,,34452.00,,,,,,,
32AASCM2174Q1ZT,,N2526/000032906,,,,,,,,,
32AASCM2174Q1ZT,,N2526/000043988,,,,,,,,,
32AASCM2174Q1ZT,,N2526/000056098,,,,,,,,,
32AASCM2174Q1ZT,,N2526/000067394,,,,,,,,,
32AASCM2174Q1ZT,,N2526/000079524,,,,,,,,,
32AASCM2174Q1ZT,,N2526/000087230,,,,,,,,,
32AASCM2174Q1ZT,,N2526/000100527,,,,,,,,,
32AASCM2174Q1ZT,,N2526/000121471,,,,,,,,,
32AASCM2174Q1ZT,,N2526/000017098,,,,,,,,,
32AASCM2174Q1ZT,,N2526/000018571,,,,,,,,,
27BYGPG3211E1ZY,,ECO-122,,20000.00,,,,,,,
27BYGPG3211E1ZY,,ECO-161,,10000.00,,,,,,,
27BYGPG3211E1ZY,,ECO-82,,5000.00,,,,,,,
27BYGPG3211E1ZY,,ECO-92,,16500.00,,,,,,,
29AADCE8914H1ZE,,EEZ2526000125,08/04/2025,46437.25,,,,,,,
29AADCE8914H1ZE,,EEZ2526003223,08/09/2025,118933.14,,,,,,,
29AADCE8914H1ZE,,EEZ2526003935,08/10/2025,52646.88,,,,,,,
29AADCE8914H1ZE,,EEZ2526006164,08/01/2026,86018.46,,,,,,,
29AADCE8914H1ZE,,EEZ2526000704,08/05/2025,55388.26,,,,,,,
29AADCE8914H1ZE,,EEZ2526001321,08/06/2025,64832.50,,,,,,,
29AADCE8914H1ZE,,EEZ2526004667,08/11/2025,53973.44,,,,,,,
29AADCE8914H1ZE,,EEZ2526005369,08/12/2025,70172.48,,,,,,,
29AADCE8914H1ZE,,EEZ2526001932,08/07/2025,52532.66,,,,,,,
29AADCE8914H1ZE,,EEZ2526002580,08/08/2025,100156.28,,,,,,,
29AADCE8914H1ZE,,EEZ2526002637,11/08/2025,23600.00,,,,,,,
29AADCE8914H1ZE,,EEZ2526006989,08/02/2026,43594.63,,,,,,,
29AALFE1160A1ZU,,A-1663-25-26,16-12-2025,4000.00,,,,,,,
29AJXPR2057C1ZR,,BLR-09-2025,,374650.00,,,,,,,
33AAGCE6212K1ZS,ETZIN PRIVATE LIMITED,CJB1-2971,18.10.2025,155.20,18,131.54,23.66,0.00,0.00,,
06AAFCF2583B1ZY,,Dated,,11905.70,,,,,,,
06AAFCF2583B1ZY,,Dated,,6.00,,,,,,,
06AAFCF2583B1ZY,,Dated,,8.00,,,,,,,
06AAFCF2583B1ZY,,Dated,,12400.20,,,,,,,
06AAFCF2583B1ZY,,Dated,,18200.00,,,,,,,
06AAFCF2583B1ZY,,Dated,,8.00,,,,,,,
06AAFCF2583B1ZY,,Dated,,20302.00,,,,,,,
06AAFCF2583B1ZY,,Dated,,8.00,,,,,,,
06AAFCF2583B1ZY,,Dated,,7.00,,,,,,,
06AAFCF2583B1ZY,,Dated,,7.00,,,,,,,
06AAFCF2583B1ZY,,Dated,,8.00,,,,,,,
06AAFCF2583B1ZY,,Dated,,8.00,,,,,,,
06AAFCF2583B1ZY,,Dated,,8.00,,,,,,,
06AAFCF2583B1ZY,,Dated,,7.00,,,,,,,
06AAFCF2583B1ZY,,Dated,,9605.00,,,,,,,
06AAFCF2583B1ZY,,Dated,,10789.50,,,,,,,
06AAFCF2583B1ZY,,Dated,,7.00,,,,,,,
06AAFCF2583B1ZY,,Dated,,7.00,,,,,,,
06AAFCF2583B1ZY,,Dated,,7.00,,,,,,,
06AAFCF2583B1ZY,,Dated,,8.00,,,,,,,
06AAFCF2583B1ZY,,Dated,,16845.60,,,,,,,
06AAFCF2583B1ZY,,Dated,,6.00,,,,,,,
06AAFCF2583B1ZY,,Dated,,3467.70,,,,,,,
06AAFCF2583B1ZY,,Dated,,7.00,,,,,,,
06AAFCF2583B1ZY,,e-Way,,5.00,,,,,,,
06AAFCF2583B1ZY,,Dated,,8.00,,,,,,,
06AAFCF2583B1ZY,,Dated,,7.00,,,,,,,
06AAFCF2583B1ZY,,Dated,,8.00,,,,,,,
06AAFCF2583B1ZY,,Dated,,7.00,,,,,,,
06AAFCF2583B1ZY,,Dated,,7.00,,,,,,,
06AAFCF2583B1ZY,,Dated,,7.00,,,,,,,
06AAFCF2583B1ZY,,Dated,,8.00,,,,,,,
06AAFCF2583B1ZY,,Dated,,8.00,,,,,,,
06AAFCF2583B1ZY,,Dated,,0.00,,,,,,,
06AAFCF2583B1ZY,,Dated,,24893.95,,,,,,,
06AAFCF2583B1ZY,,Dated,,5.00,,,,,,,
06AAFCF2583B1ZY,,Dated,,6.00,,,,,,,
06AAFCF2583B1ZY,,Dated,,6.00,,,,,,,
06AAFCF2583B1ZY,,Dated,,6.00,,,,,,,
06AAFCF2583B1ZY,,Dated,,6.00,,,,,,,
06AAFCF2583B1ZY,,Dated,,6.00,,,,,,,
06AAFCF2583B1ZY,,Dated,,20026.00,,,,,,,
06AAFCF2583B1ZY,,Dated,,6.00,,,,,,,
06AAFCF2583B1ZY,,Dated,,47372.75,,,,,,,
06AAFCF2583B1ZY,,Dated,,6.00,,,,,,,
06AAFCF2583B1ZY,,Dated,,6.00,,,,,,,
06AAFCF2583B1ZY,,Dated,,8500.00,,,,,,,
06AAFCF2583B1ZY,,e-Way,,6.00,,,,,,,
06AAFCF2583B1ZY,,e-Way,,6.00,,,,,,,
06AAFCF2583B1ZY,,Dated,,29172.00,,,,,,,
06AAFCF2583B1ZY,,Dated,,6.00,,,,,,,
06AAFCF2583B1ZY,,Dated,,6.00,,,,,,,
06AAFCF2583B1ZY,,Dated,,36031.60,,,,,,,
06AAFCF2583B1ZY,,Dated,,6.00,,,,,,,
06AAFCF2583B1ZY,,Dated,,31258.65,,,,,,,
06AAFCF2583B1ZY,,Dated,,498.00,,,,,,,
06AAFCF2583B1ZY,,Dated,,6.00,,,,,,,
06AAFCF2583B1ZY,,Dated,,6.00,,,,,,,
06AAFCF2583B1ZY,,Dated,,6.00,,,,,,,
06AAFCF2583B1ZY,,Dated,,2.00,,,,,,,
06AAFCF2583B1ZY,,Dated,,6.00,,,,,,,
06AAFCF2583B1ZY,,Dated,,6.00,,,,,,,
06AAFCF2583B1ZY,,Dated,,6.00,,,,,,,
06AAFCF2583B1ZY,,Dated,,52372.75,,,,,,,
06AAFCF2583B1ZY,,Dated,,6.00,,,,,,,
06AAFCF2583B1ZY,,e-Way,,6.00,,,,,,,
06AAFCF2583B1ZY,,Dated,,7.00,,,,,,,
06AAFCF2583B1ZY,,Dated,,7.00,,,,,,,
06AAFCF2583B1ZY,,Dated,,5.00,,,,,,,
06AAFCF2583B1ZY,,Dated,,,,,,,,,
06AAFCF2583B1ZY,,Dated,,6.00,,,,,,,
06AAFCF2583B1ZY,,Dated,,6.00,,,,,,,
06AAFCF2583B1ZY,,Dated,,6.00,,,,,,,
06AAFCF2583B1ZY,,Dated,,7.00,,,,,,,
06AAFCF2583B1ZY,,Dated,,48905.00,,,,,,,
06AAFCF2583B1ZY,,Dated,,7.00,,,,,,,
06AAFCF2583B1ZY,,Dated,,3667.50,,,,,,,
06AAFCF2583B1ZY,,Dated,,7.00,,,,,,,
06AAFCF2583B1ZY,,Dated,,7.00,,,,,,,
06AAFCF2583B1ZY,,Dated,,3958.50,,,,,,,
06AAFCF2583B1ZY,,Dated,,69582.85,,,,,,,
06AAFCF2583B1ZY,,Dated,,7.00,,,,,,,
06AAFCF2583B1ZY,,Dated,,38663.50,,,,,,,
06AAFCF2583B1ZY,,Dated,,65893.25,,,,,,,
06AAFCF2583B1ZY,,Dated,,11339.00,,,,,,,
06AAFCF2583B1ZY,,Dated,,6.00,,,,,,,
06AAFCF2583B1ZY,,Dated,,19261.00,,,,,,,
06AAFCF2583B1ZY,,Dated,,7.00,,,,,,,
06AAFCF2583B1ZY,,Dated,,7.00,,,,,,,
06AAFCF2583B1ZY,,Dated,,7.00,,,,,,,
06AAFCF2583B1ZY,,Dated,,7.00,,,,,,,
06AAFCF2583B1ZY,,Dated,,7.00,,,,,,,
06AAFCF2583B1ZY,,Dated,,7.00,,,,,,,
06AAFCF2583B1ZY,,Dated,,10505.25,,,,,,,
06AAFCF2583B1ZY,,Dated,,14792.30,,,,,,,
06AAFCF2583B1ZY,,Dated,,4879.00,,,,,,,
06AAFCF2583B1ZY,,Dated,,6.00,,,,,,,
06AAFCF2583B1ZY,,Dated,,6.00,,,,,,,
06AAFCF2583B1ZY,,Dated,,6.00,,,,,,,
06AAFCF2583B1ZY,,Dated,,6.00,,,,,,,
06AAFCF2583B1ZY,,Dated,,6.00,,,,,,,
06AAFCF2583B1ZY,,Dated,,6.00,,,,,,,
06AAFCF2583B1ZY,,Dated,,36453.55,,,,,,,
06AAFCF2583B1ZY,,Dated,,6.00,,,,,,,
06AAFCF2583B1ZY,,Dated,,2489.10,,,,,,,
06AAFCF2583B1ZY,,Dated,,457.50,,,,,,,
06AAFCF2583B1ZY,,e-Way,,7.00,,,,,,,
06AAFCF2583B1ZY,,e-Way,,4.00,,,,,,,
06AAFCF2583B1ZY,,e-Way,,4.00,,,,,,,
06AAFCF2583B1ZY,,e-Way,,4.00,,,,,,,
06AAFCF2583B1ZY,,e-Way,,4.00,,,,,,,
06AAFCF2583B1ZY,,e-Way,,3.00,,,,,,,
06AAFCF2583B1ZY,,Dated,,4.00,,,,,,,
06AAFCF2583B1ZY,,Dated,,,,,,,,,
06AAFCF2583B1ZY,,Dated,,6.00,,,,,,,
06AAFCF2583B1ZY,,Dated,,6.00,,,,,,,
06AAFCF2583B1ZY,,Dated,,3.00,,,,,,,
06AAFCF2583B1ZY,,Dated,,5.00,,,,,,,
06AAFCF2583B1ZY,,Dated,,5.00,,,,,,,
06AAFCF2583B1ZY,,Dated,,7.00,,,,,,,
06AAFCF2583B1ZY,,Dated,,1.00,,,,,,,
06AAFCF2583B1ZY,,Dated,,2.00,,,,,,,
06AAFCF2583B1ZY,,e-Way,,4.00,,,,,,,
06AAFCF2583B1ZY,,Dated,,5.00,,,,,,,
06AAFCF2583B1ZY,,Dated,,7.00,,,,,,,
06AAFCF2583B1ZY,,Dated,,57.00,,,,,,,
06AAFCF2583B1ZY,,Dated,,7.00,,,,,,,
06AAFCF2583B1ZY,,Dated,,2.00,,,,,,,
06AAFCF2583B1ZY,,Dated,,1.00,,,,,,,
06AAFCF2583B1ZY,,Dated,,1.00,,,,,,,
06AAFCF2583B1ZY,,Dated,,5.00,,,,,,,
06AAFCF2583B1ZY,,Dated,,1.00,,,,,,,
06AAFCF2583B1ZY,,Dated,,5.00,,,,,,,
06AAFCF2583B1ZY,,Dated,,6.00,,,,,,,
06AAFCF2583B1ZY,,Dated,,5.00,,,,,,,
06AAFCF2583B1ZY,,Dated,,5.00,,,,,,,
06AAFCF2583B1ZY,,Dated,,1.00,,,,,,,
06AAFCF2583B1ZY,,Dated,,6.00,,,,,,,
06AAFCF2583B1ZY,,Dated,,5.00,,,,,,,
06AAFCF2583B1ZY,,Dated,,6.00,,,,,,,
06AAFCF2583B1ZY,,Dated,,6.00,,,,,,,
06AAFCF2583B1ZY,,Dated,,6.00,,,,,,,
06AAFCF2583B1ZY,,Dated,,6.00,,,,,,,
06AAFCF2583B1ZY,,Dated,,6.00,,,,,,,
06AAFCF2583B1ZY,,Dated,,5.00,,,,,,,
06AAFCF2583B1ZY,,Dated,,5.00,,,,,,,
06AAFCF2583B1ZY,,Dated,,5.00,,,,,,,
06AAFCF2583B1ZY,,Dated,,6.00,,,,,,,
06AAFCF2583B1ZY,,Dated,,6.00,,,,,,,
06AAFCF2583B1ZY,,Dated,,6.00,,,,,,,
06AAFCF2583B1ZY,,Dated,,6.00,,,,,,,
06AAFCF2583B1ZY,,Dated,,6.00,,,,,,,
06AAFCF2583B1ZY,,Dated,,6.00,,,,,,,
06AAFCF2583B1ZY,,Dated,,6.00,,,,,,,
06AAFCF2583B1ZY,,Dated,,5.00,,,,,,,
06AAFCF2583B1ZY,,Dated,,8.00,,,,,,,
06AAFCF2583B1ZY,,Dated,,7.00,,,,,,,
06AAFCF2583B1ZY,,Dated,,7.00,,,,,,,
06AAFCF2583B1ZY,,e-Way,,7.00,,,,,,,
06AAFCF2583B1ZY,,Dated,,7.00,,,,,,,
06AAFCF2583B1ZY,,Dated,,7.00,,,,,,,
06AAFCF2583B1ZY,,Dated,,7.00,,,,,,,
06AAFCF2583B1ZY,,Dated,,6.00,,,,,,,
06AAFCF2583B1ZY,,Dated,,6.00,,,,,,,
06AAFCF2583B1ZY,,Dated,,7.00,,,,,,,
06AAFCF2583B1ZY,,Dated,,7.00,,,,,,,
06AAFCF2583B1ZY,,Dated,,7.00,,,,,,,
06AAFCF2583B1ZY,,Dated,,7.00,,,,,,,
06AAFCF2583B1ZY,,Dated,,6.00,,,,,,,
06AAFCF2583B1ZY,,Dated,,6.00,,,,,,,
06AAFCF2583B1ZY,,Dated,,6.00,,,,,,,
06AAFCF2583B1ZY,,Dated,,6.00,,,,,,,
06AAFCF2583B1ZY,,Dated,,6.00,,,,,,,
06AAFCF2583B1ZY,,Dated,,7.00,,,,,,,
06AAFCF2583B1ZY,,Dated,,7.00,,,,,,,
06AAFCF2583B1ZY,,Dated,,7.00,,,,,,,
06AAFCF2583B1ZY,,Dated,,7.00,,,,,,,
06AAFCF2583B1ZY,,Dated,,722.00,,,,,,,
06AAFCF2583B1ZY,,Dated,,7.00,,,,,,,
06AAFCF2583B1ZY,,Dated,,6.00,,,,,,,
06AAFCF2583B1ZY,,Dated,,6.00,,,,,,,
06AAFCF2583B1ZY,,Dated,,7.00,,,,,,,
06AAFCF2583B1ZY,,Dated,,7.00,,,,,,,
06AAFCF2583B1ZY,,Dated,,6.00,,,,,,,
06AAFCF2583B1ZY,,Dated,,2.00,,,,,,,
06AAFCF2583B1ZY,,Dated,,7.00,,,,,,,
06AAFCF2583B1ZY,,Dated,,7.00,,,,,,,
06AAFCF2583B1ZY,,Dated,,6.00,,,,,,,
06AAFCF2583B1ZY,,Dated,,7.00,,,,,,,
06AAFCF2583B1ZY,,Dated,,6.00,,,,,,,
06AAFCF2583B1ZY,,Dated,,7.00,,,,,,,
06AAFCF2583B1ZY,,Dated,,6.00,,,,,,,
06AAFCF2583B1ZY,,Dated,,6.00,,,,,,,
06AAFCF2583B1ZY,,Dated,,7.00,,,,,,,
06AAFCF2583B1ZY,,Dated,,7.00,,,,,,,
06AAFCF2583B1ZY,,Dated,,6.00,,,,,,,
06AAFCF2583B1ZY,,Dated,,2.00,,,,,,,
06AAFCF2583B1ZY,,Dated,,7.00,,,,,,,
06AAFCF2583B1ZY,,Dated,,7.00,,,,,,,
06AAFCF2583B1ZY,,Dated,,7.00,,,,,,,
06AAFCF2583B1ZY,,Dated,,7.00,,,,,,,
06AAFCF2583B1ZY,,Dated,,7.00,,,,,,,
06AAFCF2583B1ZY,,Dated,,7.00,,,,,,,
06AAFCF2583B1ZY,,Dated,,7.00,,,,,,,
06AAFCF2583B1ZY,,Dated,,7.00,,,,,,,
06AAFCF2583B1ZY,,Dated,,7.00,,,,,,,
06AAFCF2583B1ZY,,Dated,,6.00,,,,,,,
06AAFCF2583B1ZY,,Dated,,7.00,,,,,,,
06AAFCF2583B1ZY,,Dated,,6.00,,,,,,,
06AAFCF2583B1ZY,,Dated,,6.00,,,,,,,
06AAFCF2583B1ZY,,Dated,,7.00,,,,,,,
06AAFCF2583B1ZY,,Dated,,7.00,,,,,,,
06AAFCF2583B1ZY,,Dated,,7.00,,,,,,,
06AAFCF2583B1ZY,,Dated,,7.00,,,,,,,
06AAFCF2583B1ZY,,Dated,,7.00,,,,,,,
06AAFCF2583B1ZY,,Dated,,6.00,,,,,,,
06AAFCF2583B1ZY,,Dated,,733.00,,,,,,,
06AAFCF2583B1ZY,,Dated,,7.00,,,,,,,
06AAFCF2583B1ZY,,Dated,,7.00,,,,,,,
06AAFCF2583B1ZY,,Dated,,6.00,,,,,,,
06AAFCF2583B1ZY,,Dated,,6.00,,,,,,,
06AAFCF2583B1ZY,,Dated,,6.00,,,,,,,
06AAFCF2583B1ZY,,Dated,,7.00,,,,,,,
06AAFCF2583B1ZY,,Dated,,6.00,,,,,,,
06AAFCF2583B1ZY,,Dated,,6.00,,,,,,,
06AAFCF2583B1ZY,,Dated,,7.00,,,,,,,
06AAFCF2583B1ZY,,Dated,,6.00,,,,,,,
06AAFCF2583B1ZY,,Dated,,7.00,,,,,,,
06AAFCF2583B1ZY,,Dated,,7.00,,,,,,,
06AAFCF2583B1ZY,,Dated,,7.00,,,,,,,
06AAFCF2583B1ZY,,Dated,,6.00,,,,,,,
06AAFCF2583B1ZY,,Dated,,,,,,,,,
06AAFCF2583B1ZY,,Dated,,7.00,,,,,,,
06AAFCF2583B1ZY,,Dated,,7.00,,,,,,,
06AAFCF2583B1ZY,,Dated,,733.00,,,,,,,
06AAFCF2583B1ZY,,Dated,,7.00,,,,,,,
06AAFCF2583B1ZY,,Dated,,7.00,,,,,,,
06AAFCF2583B1ZY,,Dated,,7.00,,,,,,,
06AAFCF2583B1ZY,,Dated,,6.00,,,,,,,
06AAFCF2583B1ZY,,Dated,,6.00,,,,,,,
06AAFCF2583B1ZY,,Dated,,6.00,,,,,,,
06AAFCF2583B1ZY,,Dated,,6.00,,,,,,,
06AAFCF2583B1ZY,,Dated,,6.00,,,,,,,
06AAFCF2583B1ZY,,Dated,,6.00,,,,,,,
06AAFCF2583B1ZY,,Dated,,7.00,,,,,,,
06AAFCF2583B1ZY,,Dated,,7.00,,,,,,,
06AAFCF2583B1ZY,,Dated,,5.00,,,,,,,
06AAFCF2583B1ZY,,Dated,,7.00,,,,,,,
06AAFCF2583B1ZY,,Dated,,7.00,,,,,,,
06AAFCF2583B1ZY,,Dated,,2.00,,,,,,,
06AAFCF2583B1ZY,,Dated,,5.00,,,,,,,
06AAFCF2583B1ZY,,Dated,,5.00,,,,,,,
06AAFCF2583B1ZY,,Dated,,4.00,,,,,,,
06AAFCF2583B1ZY,,Dated,,4.00,,,,,,,
06AAFCF2583B1ZY,,Dated,,5.00,,,,,,,
06AAFCF2583B1ZY,,Dated,,5.00,,,,,,,
06AAFCF2583B1ZY,,Dated,,5.00,,,,,,,
06AAFCF2583B1ZY,,Dated,,5.00,,,,,,,
06AAFCF2583B1ZY,,Dated,,5.00,,,,,,,
06AAFCF2583B1ZY,,Dated,,5.00,,,,,,,
06AAFCF2583B1ZY,,Dated,,,,,,,,,
06AAFCF2583B1ZY,,Dated,,6.00,,,,,,,
06AAFCF2583B1ZY,,Dated,,5.00,,,,,,,
06AAFCF2583B1ZY,,Dated,,2.00,,,,,,,
06AAFCF2583B1ZY,,Dated,,6.00,,,,,,,
06AAFCF2583B1ZY,,Dated,,6.00,,,,,,,
06AAFCF2583B1ZY,,Dated,,6.00,,,,,,,
06AAFCF2583B1ZY,,Dated,,0.00,,,,,,,
06AAFCF2583B1ZY,,Dated,,0.00,,,,,,,
06AAFCF2583B1ZY,,Dated,,5.00,,,,,,,
06AAFCF2583B1ZY,,Dated,,5.00,,,,,,,
06AAFCF2583B1ZY,,Dated,,6.00,,,,,,,
06AAFCF2583B1ZY,,Dated,,5.00,,,,,,,
06AAFCF2583B1ZY,,Dated,,6.00,,,,,,,
06AAFCF2583B1ZY,,Dated,,,,,,,,,
06AAFCF2583B1ZY,,Dated,,5.00,,,,,,,
06AAFCF2583B1ZY,,Dated,,5.00,,,,,,,
06AAFCF2583B1ZY,,Dated,,5.00,,,,,,,
06AAFCF2583B1ZY,,Dated,,5.00,,,,,,,
06AAFCF2583B1ZY,,Dated,,5.00,,,,,,,
06AAFCF2583B1ZY,,Dated,,5.00,,,,,,,
06AAFCF2583B1ZY,,Dated,,5.00,,,,,,,
06AAFCF2583B1ZY,,Dated,,5.00,,,,,,,
06AAFCF2583B1ZY,,Dated,,5.00,,,,,,,
06AAFCF2583B1ZY,,Dated,,2.00,,,,,,,
06AAFCF2583B1ZY,,Dated,,5.00,,,,,,,
06AAFCF2583B1ZY,,Dated,,,,,,,,,
06AAFCF2583B1ZY,,Dated,,4.00,,,,,,,
06AAFCF2583B1ZY,,Dated,,5.00,,,,,,,
06AAFCF2583B1ZY,,e-Way,,4.00,,,,,,,
06AAFCF2583B1ZY,,Dated,,4.00,,,,,,,
06AAFCF2583B1ZY,,Dated,,5.00,,,,,,,
06AAFCF2583B1ZY,,Dated,,5.00,,,,,,,
06AAFCF2583B1ZY,,Dated,,5.00,,,,,,,
06AAFCF2583B1ZY,,Dated,,2.00,,,,,,,
06AAFCF2583B1ZY,,Dated,,2.00,,,,,,,
06AAFCF2583B1ZY,,Dated,,3.00,,,,,,,
06AAFCF2583B1ZY,,Dated,,3.00,,,,,,,
06AAFCF2583B1ZY,,Dated,,1.00,,,,,,,
06AAFCF2583B1ZY,,Dated,,2.00,,,,,,,
06AAFCF2583B1ZY,,Dated,,1.00,,,,,,,
06AAFCF2583B1ZY,,Dated,,2.00,,,,,,,
06AAFCF2583B1ZY,,Dated,,2.00,,,,,,,
06AAFCF2583B1ZY,,Dated,,1.00,,,,,,,
06AAFCF2583B1ZY,,Dated,,2.00,,,,,,,
06AAFCF2583B1ZY,,Dated,,2.00,,,,,,,
06AAFCF2583B1ZY,,e-Way,,,,,,,,,
06AAFCF2583B1ZY,,Dated,,2.00,,,,,,,
06AAFCF2583B1ZY,,e-Way,,2.00,,,,,,,
06AAFCF2583B1ZY,,e-Way,,1.00,,,,,,,
06AAFCF2583B1ZY,,e-Way,,1.00,,,,,,,
06AAFCF2583B1ZY,,e-Way,,2.00,,,,,,,
06AAFCF2583B1ZY,,e-Way,,,,,,,,,
06AAFCF2583B1ZY,,Dated,,5.00,,,,,,,
06AAFCF2583B1ZY,,Dated,,1.00,,,,,,,
06AAFCF2583B1ZY,,Dated,,1.00,,,,,,,
06AAFCF2583B1ZY,,Dated,,2.00,,,,,,,
06AAFCF2583B1ZY,,Dated,,1.00,,,,,,,
06AAFCF2583B1ZY,,Dated,,1.00,,,,,,,
06AAFCF2583B1ZY,,Dated,,2.00,,,,,,,
06AAFCF2583B1ZY,,Dated,,2.00,,,,,,,
06AAFCF2583B1ZY,,Dated,,1.00,,,,,,,
06AAFCF2583B1ZY,,Dated,,2.00,,,,,,,
06AAFCF2583B1ZY,,Dated,,8.00,,,,,,,
06AAFCF2583B1ZY,,Dated,,8.00,,,,,,,
06AAFCF2583B1ZY,,Dated,,5.00,,,,,,,
06AAFCF2583B1ZY,,Dated,,5.00,,,,,,,
06AAFCF2583B1ZY,,Dated,,4.00,,,,,,,
06AAFCF2583B1ZY,,Dated,,5.00,,,,,,,
06AAFCF2583B1ZY,,Dated,,5.00,,,,,,,
06AAFCF2583B1ZY,,Dated,,5.00,,,,,,,
06AAFCF2583B1ZY,,Dated,,2.00,,,,,,,
06AAFCF2583B1ZY,,Dated,,8.00,,,,,,,
06AAFCF2583B1ZY,,Dated,,5.00,,,,,,,
06AAFCF2583B1ZY,,Dated,,5.00,,,,,,,
06AAFCF2583B1ZY,,Dated,,8.00,,,,,,,
06AAFCF2583B1ZY,,e-Way,,8.00,,,,,,,
06AAFCF2583B1ZY,,e-Way,,6.00,,,,,,,
06AAFCF2583B1ZY,,Dated,,8.00,,,,,,,
06AAFCF2583B1ZY,,Dated,,8.00,,,,,,,
06AAFCF2583B1ZY,,e-Way,,7.00,,,,,,,
06AAFCF2583B1ZY,,e-Way,,8.00,,,,,,,
06AAFCF2583B1ZY,,Dated,,8.00,,,,,,,
06AAFCF2583B1ZY,,e-Way,,8.00,,,,,,,
06AAFCF2583B1ZY,,Dated,,6.00,,,,,,,
06AAFCF2583B1ZY,,Dated,,8.00,,,,,,,
06AAFCF2583B1ZY,,Dated,,8.00,,,,,,,
06AAFCF2583B1ZY,,Dated,,8.00,,,,,,,
06AAFCF2583B1ZY,,Dated,,7.00,,,,,,,
06AAFCF2583B1ZY,,Dated,,7.00,,,,,,,
06AAFCF2583B1ZY,,Dated,,8.00,,,,,,,
06AAFCF2583B1ZY,,Dated,,8.00,,,,,,,
06AAFCF2583B1ZY,,Dated,,8.00,,,,,,,
06AAFCF2583B1ZY,,Dated,,8.00,,,,,,,
06AAFCF2583B1ZY,,Dated,,8.00,,,,,,,
06AAFCF2583B1ZY,,Dated,,6.00,,,,,,,
06AAFCF2583B1ZY,,Dated,,8.00,,,,,,,
06AAFCF2583B1ZY,,Dated,,8.00,,,,,,,
06AAFCF2583B1ZY,,e-Way,,8.00,,,,,,,
06AAFCF2583B1ZY,,Dated,,8.00,,,,,,,
06AAFCF2583B1ZY,,Dated,,5.00,,,,,,,
06AAFCF2583B1ZY,,Dated,,8.00,,,,,,,
06AAFCF2583B1ZY,,Dated,,6.00,,,,,,,
06AAFCF2583B1ZY,,Dated,,8.00,,,,,,,
06AAFCF2583B1ZY,,Dated,,8.00,,,,,,,
06AAFCF2583B1ZY,,Dated,,8.00,,,,,,,
06AAFCF2583B1ZY,,Dated,,8.00,,,,,,,
06AAFCF2583B1ZY,,Dated,,,,,,,,,
06AAFCF2583B1ZY,,Dated,,6.00,,,,,,,
06AAFCF2583B1ZY,,Dated,,5.00,,,,,,,
06AAFCF2583B1ZY,,Dated,,8.00,,,,,,,
06AAFCF2583B1ZY,,Dated,,5.00,,,,,,,
06AAFCF2583B1ZY,,Dated,,8.00,,,,,,,
06AAFCF2583B1ZY,,Dated,,8.00,,,,,,,
06AAFCF2583B1ZY,,Dated,,5.00,,,,,,,
06AAFCF2583B1ZY,,Dated,,5.00,,,,,,,
06AAFCF2583B1ZY,,Dated,,6.00,,,,,,,
06AAFCF2583B1ZY,,Dated,,6.00,,,,,,,
06AAFCF2583B1ZY,,Dated,,6.00,,,,,,,
06AAFCF2583B1ZY,,Dated,,6.00,,,,,,,
06AAFCF2583B1ZY,,Dated,,8.00,,,,,,,
06AAFCF2583B1ZY,,Dated,,8.00,,,,,,,
06AAFCF2583B1ZY,,Dated,,8.00,,,,,,,
06AAFCF2583B1ZY,,Dated,,8.00,,,,,,,
06AAFCF2583B1ZY,,Dated,,8.00,,,,,,,
06AAFCF2583B1ZY,,Dated,,8.00,,,,,,,
06AAFCF2583B1ZY,,Dated,,8.00,,,,,,,
06AAFCF2583B1ZY,,Dated,,8.00,,,,,,,
06AAFCF2583B1ZY,,Dated,,8.00,,,,,,,
06AAFCF2583B1ZY,,Dated,,8.00,,,,,,,
06AAFCF2583B1ZY,,Dated,,8.00,,,,,,,
06AAFCF2583B1ZY,,Dated,,8.00,,,,,,,
06AAFCF2583B1ZY,,Dated,,8.00,,,,,,,
06AAFCF2583B1ZY,,Dated,,8.00,,,,,,,
06AAFCF2583B1ZY,,Dated,,8.00,,,,,,,
06AAFCF2583B1ZY,,Dated,,8.00,,,,,,,
06AAFCF2583B1ZY,,Dated,,7.00,,,,,,,
06AAFCF2583B1ZY,,Dated,,7.00,,,,,,,
06AAFCF2583B1ZY,,Dated,,6.00,,,,,,,
06AAFCF2583B1ZY,,Dated,,8.00,,,,,,,
06AAFCF2583B1ZY,,Dated,,8.00,,,,,,,
06AAFCF2583B1ZY,,Dated,,8.00,,,,,,,
06AAFCF2583B1ZY,,Dated,,8.00,,,,,,,
06AAFCF2583B1ZY,,Dated,,8.00,,,,,,,
06AAFCF2583B1ZY,,Dated,,833.00,,,,,,,
06AAFCF2583B1ZY,,Dated,,8.00,,,,,,,
06AAFCF2583B1ZY,,Dated,,8.00,,,,,,,
06AAFCF2583B1ZY,,Dated,,8.00,,,,,,,
06AAFCF2583B1ZY,,Dated,,6.00,,,,,,,
06AAFCF2583B1ZY,,Dated,,6.00,,,,,,,
06AAFCF2583B1ZY,,Dated,,6.00,,,,,,,
06AAFCF2583B1ZY,,Dated,,6.00,,,,,,,
06AAFCF2583B1ZY,,Dated,,6.00,,,,,,,
06AAFCF2583B1ZY,,Dated,,5.00,,,,,,,
06AAFCF2583B1ZY,,Dated,,6.00,,,,,,,
06AAFCF2583B1ZY,,Dated,,6.00,,,,,,,
06AAFCF2583B1ZY,,Dated,,6.00,,,,,,,
06AAFCF2583B1ZY,,Dated,,6.00,,,,,,,
06AAFCF2583B1ZY,,Dated,,8.00,,,,,,,
06AAFCF2583B1ZY,,Dated,,6.00,,,,,,,
06AAFCF2583B1ZY,,Dated,,6.00,,,,,,,
06AAFCF2583B1ZY,,Dated,,6.00,,,,,,,
06AAFCF2583B1ZY,,Dated,,8.00,,,,,,,
06AAFCF2583B1ZY,,Dated,,8.00,,,,,,,
06AAFCF2583B1ZY,,Dated,,8.00,,,,,,,
06AAFCF2583B1ZY,,Dated,,8.00,,,,,,,
06AAFCF2583B1ZY,,Dated,,8.00,,,,,,,
06AAFCF2583B1ZY,,Dated,,8.00,,,,,,,
06AAFCF2583B1ZY,,Dated,,8.00,,,,,,,
06AAFCF2583B1ZY,,Dated,,8.00,,,,,,,
06AAFCF2583B1ZY,,Dated,,8.00,,,,,,,
06AAFCF2583B1ZY,,Dated,,8.00,,,,,,,
06AAFCF2583B1ZY,,Dated,,8.00,,,,,,,
06AAFCF2583B1ZY,,Dated,,8.00,,,,,,,
06AAFCF2583B1ZY,,Dated,,8.00,,,,,,,
06AAFCF2583B1ZY,,Dated,,8.00,,,,,,,
06AAFCF2583B1ZY,,Dated,,6.00,,,,,,,
06AAFCF2583B1ZY,,Dated,,6.00,,,,,,,
06AAFCF2583B1ZY,,Dated,,6.00,,,,,,,
06AAFCF2583B1ZY,,Dated,,,,,,,,,
06AAFCF2583B1ZY,,Dated,,6.00,,,,,,,
06AAFCF2583B1ZY,,Dated,,6.00,,,,,,,
06AAFCF2583B1ZY,,Dated,,6.00,,,,,,,
06AAFCF2583B1ZY,,Dated,,6.00,,,,,,,
06AAFCF2583B1ZY,,Dated,,5.00,,,,,,,
06AAFCF2583B1ZY,,Dated,,6.00,,,,,,,
06AAFCF2583B1ZY,,Dated,,6.00,,,,,,,
06AAFCF2583B1ZY,,Dated,,6.00,,,,,,,
06AAFCF2583B1ZY,,Dated,,6.00,,,,,,,
06AAFCF2583B1ZY,,Dated,,6.00,,,,,,,
06AAFCF2583B1ZY,,Dated,,6.00,,,,,,,
06AAFCF2583B1ZY,,Dated,,8.00,,,,,,,
06AAFCF2583B1ZY,,Dated,,8.00,,,,,,,
06AAFCF2583B1ZY,,Dated,,8.00,,,,,,,
06AAFCF2583B1ZY,,Dated,,8.00,,,,,,,
06AAFCF2583B1ZY,,Dated,,8.00,,,,,,,
06AAFCF2583B1ZY,,Dated,,8.00,,,,,,,
06AAFCF2583B1ZY,,Dated,,6.00,,,,,,,
06AAFCF2583B1ZY,,Dated,,5.00,,,,,,,
06AAFCF2583B1ZY,,Dated,,8.00,,,,,,,
06AAFCF2583B1ZY,,Dated,,8.00,,,,,,,
06AAFCF2583B1ZY,,Dated,,6.00,,,,,,,
06AAFCF2583B1ZY,,Dated,,6.00,,,,,,,
06AAFCF2583B1ZY,,Dated,,6.00,,,,,,,
06AAFCF2583B1ZY,,Dated,,6.00,,,,,,,
06AAFCF2583B1ZY,,Dated,,6.00,,,,,,,
06AAFCF2583B1ZY,,Dated,,6.00,,,,,,,
06AAFCF2583B1ZY,,Dated,,8.00,,,,,,,
06AAFCF2583B1ZY,,Dated,,8.00,,,,,,,
06AAFCF2583B1ZY,,Dated,,8.00,,,,,,,
06AAFCF2583B1ZY,,Dated,,8.00,,,,,,,
06AAFCF2583B1ZY,,Dated,,8.00,,,,,,,
06AAFCF2583B1ZY,,Dated,,8.00,,,,,,,
06AAFCF2583B1ZY,,Dated,,6.00,,,,,,,
06AAFCF2583B1ZY,,Dated,,6.00,,,,,,,
06AAFCF2583B1ZY,,e-Way,,8.00,,,,,,,
06AAFCF2583B1ZY,,Dated,,8.00,,,,,,,
06AAFCF2583B1ZY,,Dated,,8.00,,,,,,,
06AAFCF2583B1ZY,,Dated,,8.00,,,,,,,
06AAFCF2583B1ZY,,Dated,,6.00,,,,,,,
06AAFCF2583B1ZY,,Dated,,6.00,,,,,,,
06AAFCF2583B1ZY,,e-Way,,8.00,,,,,,,
06AAFCF2583B1ZY,,Dated,,8.00,,,,,,,
06AAFCF2583B1ZY,,Dated,,8.00,,,,,,,
06AAFCF2583B1ZY,,Dated,,8.00,,,,,,,
06AAFCF2583B1ZY,,Dated,,6.00,,,,,,,
06AAFCF2583B1ZY,,Dated,,6.00,,,,,,,
06AAFCF2583B1ZY,,e-Way,,6.00,,,,,,,
06AAFCF2583B1ZY,,Dated,,6.00,,,,,,,
06AAFCF2583B1ZY,,Dated,,6.00,,,,,,,
06AAFCF2583B1ZY,,Dated,,6.00,,,,,,,
06AAFCF2583B1ZY,,Dated,,5.00,,,,,,,
06AAFCF2583B1ZY,,e-Way,,11931.00,,,,,,,
06AAFCF2583B1ZY,,Dated,,8.00,,,,,,,
06AAFCF2583B1ZY,,Dated,,6.00,,,,,,,
06AAFCF2583B1ZY,,Dated,,6.00,,,,,,,
06AAFCF2583B1ZY,,e-Way,,0.00,,,,,,,
06AAFCF2583B1ZY,,e-Way,,21505.15,,,,,,,
06AAFCF2583B1ZY,,Dated,,8.00,,,,,,,
06AAFCF2583B1ZY,,Dated,,6.00,,,,,,,
06AAFCF2583B1ZY,,Dated,,8.00,,,,,,,
06AAFCF2583B1ZY,,Dated,,8.00,,,,,,,
06AAFCF2583B1ZY,,Dated,,8.00,,,,,,,
06AAFCF2583B1ZY,,Dated,,8.00,,,,,,,
06AAFCF2583B1ZY,,Dated,,8.00,,,,,,,
06AAFCF2583B1ZY,,Dated,,8.00,,,,,,,
06AAFCF2583B1ZY,,Dated,,8.00,,,,,,,
06AAFCF2583B1ZY,,Dated,,8.00,,,,,,,
06AAFCF2583B1ZY,,Dated,,6.00,,,,,,,
06AAFCF2583B1ZY,,Dated,,6.00,,,,,,,
06AAFCF2583B1ZY,,Dated,,6.00,,,,,,,
06AAFCF2583B1ZY,,Dated,,6.00,,,,,,,
06AAFCF2583B1ZY,,Dated,,6.00,,,,,,,
06AAFCF2583B1ZY,,Dated,,6.00,,,,,,,
06AAFCF2583B1ZY,,Dated,,8.00,,,,,,,
06AAFCF2583B1ZY,,e-Way,,8.00,,,,,,,
06AAFCF2583B1ZY,,Dated,,8.00,,,,,,,
06AAFCF2583B1ZY,,Dated,,2667.50,,,,,,,
06AAFCF2583B1ZY,,Dated,,6.00,,,,,,,
06AAFCF2583B1ZY,,FAB-711/24-25,,802860.00,5,,38231.45,0.00,0.00,,
06AAFCF2583B1ZY,,FAB-748/24-25,,521665.00,5,,24841.20,0.00,0.00,,
06AAFCF2583B1ZY,,FAB-795/24-25,,255360.00,5,,12160.00,0.00,0.00,,
06AAFCF2583B1ZY,,FAB-796/24-25,,102722.00,5,,4891.50,0.00,0.00,,
06AAFCF2583B1ZY,,FAB-797/24-25,,288141.00,5,,13721.00,0.00,0.00,,
06AAFCF2583B1ZY,,FAB-811/24-25,,797202.00,5,,37962.00,0.00,0.00,,
06AAFCF2583B1ZY,,FAB-812/24-25,,1161720.00,5,,55320.00,0.00,0.00,,
06AAFCF2583B1ZY,,FAB-816/24-25,,636185.00,5,,30294.50,0.00,0.00,,
06AAFCF2583B1ZY,,FAB-817/24-25,,1255044.00,5,,59764.00,0.00,0.00,,
06AAFCF2583B1ZY,,FAB-821/24-25,,56175.00,5,,2675.00,0.00,0.00,,
06AAFCF2583B1ZY,,FAB-826/24-25,,518112.00,5,,24672.00,0.00,0.00,,
06AAFCF2583B1ZY,,FAB-827/24-25,,464594.00,5,,22123.50,0.00,0.00,,
06AAFCF2583B1ZY,,FAB-828/24-25,,451952.00,5,,21521.50,0.00,0.00,,
06AAFCF2583B1ZY,,FAB-830/24-25,,815267.00,5,,38822.25,0.00,0.00,,
06AAFCF2583B1ZY,,FAB-832/24-25,,115038.00,5,,5478.00,0.00,0.00,,
06AAFCF2583B1ZY,,FAB-834/24-25,,786429.00,5,,37449.00,0.00,0.00,,
06AAFCF2583B1ZY,,FAB-674/24-25,,20092.00,5,,956.75,0.00,0.00,,
06AAFCF2583B1ZY,,FAB-794/24-25,,277751.00,5,,13226.25,0.00,0.00,,
06AAFCF2583B1ZY,,Dated,,29291.25,,,,,,,
06AAFCF2583B1ZY,,e-Way,,2425.00,,,,,,,
06AAFCF2583B1ZY,,FAB-1219/24-25,,455944.00,5,434232.00,21711.60,0.00,0.00,,
06AAFCF2583B1ZY,,FAB-1221/24-25,,421848.00,5,401760.00,20088.00,0.00,0.00,,
06AAFCF2583B1ZY,,FAB-661/24-25,,40786.00,5,,1942.20,0.00,0.00,,
06AAFCF2583B1ZY,,FAB-691/24-25,,612743.00,5,,29178.25,0.00,0.00,,
06AAFCF2583B1ZY,,FAB-720/24-25,,4463.00,5,,212.50,0.00,0.00,,
06AAFCF2583B1ZY,,FAB-724/24-25,,527840.00,5,,25135.25,0.00,0.00,,
06AAFCF2583B1ZY,,FAB-725/24-25,,123257.00,5,,5869.40,0.00,0.00,,
06AAFCF2583B1ZY,,FAB-739/24-25,,331781.00,5,,15799.10,0.00,0.00,,
06AAFCF2583B1ZY,,FAB-759/24-25,,212415.00,5,,10115.00,0.00,0.00,,
06AAFCF2583B1ZY,,FAB-760/24-25,,509366.00,5,,24255.50,0.00,0.00,,
06AAFCF2583B1ZY,,FAB-761/24-25,,249281.00,5,,11870.50,0.00,0.00,,
06AAFCF2583B1ZY,,FAB-764/24-25,,177723.00,5,,8463.00,0.00,0.00,,
06AAFCF2583B1ZY,,FAB-765/24-25,,134171.00,5,,6389.10,0.00,0.00,,
06AAFCF2583B1ZY,,FAB-770/24-25,04-11-24,101393.00,5,,4828.25,0.00,0.00,,
06AAFCF2583B1ZY,,FAB-772/24-25,,334903.00,5,,15947.75,0.00,0.00,,
06AAFCF2583B1ZY,,FAB-773/24-25,,71025.00,5,,3382.15,0.00,0.00,,
06AAFCF2583B1ZY,,FAB-775/24-25,,315158.00,5,,15007.50,0.00,0.00,,
06AAFCF2583B1ZY,,FAB-776/24-25,,188698.00,5,,8985.60,0.00,0.00,,
06AAFCF2583B1ZY,,FAB-777/24-25,,186900.00,5,,8900.00,0.00,0.00,,
06AAFCF2583B1ZY,,FAB-778/24-25,,248577.00,5,,11837.00,0.00,0.00,,
06AAFCF2583B1ZY,,FAB-779/24-25,,35718.00,5,,1700.85,0.00,0.00,,
06AAFCF2583B1ZY,,FAB-787/24-25,,386568.00,5,,18408.00,0.00,0.00,,
06AAFCF2583B1ZY,,FAB-789/24-25,,124289.00,5,,5918.50,0.00,0.00,,
06AAFCF2583B1ZY,,FAB-793/24-25,,234560.00,5,,11169.50,0.00,0.00,,
06AAFCF2583B1ZY,,FAB-800/24-25,,412173.00,5,,19627.30,0.00,0.00,,
06AAFCF2583B1ZY,,FAB-804/24-25,,143282.00,5,,6822.95,0.00,0.00,,
06AAFCF2583B1ZY,,FAB-831/24-25,,527021.00,5,,25096.25,0.00,0.00,,
06AAFCF2583B1ZY,,FAB-835/24-25,,423192.00,5,,20152.00,0.00,0.00,,
06AAFCF2583B1ZY,,FAB-836/24-25,,482790.00,5,,22990.00,0.00,0.00,,
06AAFCF2583B1ZY,,FAB-841/24-25,,425198.00,5,404950.00,20247.50,0.00,0.00,,
06AAFCF2583B1ZY,,FAB-849/24-25,,809555.00,5,,38550.25,0.00,0.00,,
06AAFCF2583B1ZY,,FAB-850/24-25,,523273.00,5,,24917.75,0.00,0.00,,
06AAFCF2583B1ZY,,FAB-862/24-25,,943194.00,5,,44914.00,0.00,0.00,,
06AAFCF2583B1ZY,,FAB-933/24-25,,440585.00,5,,20980.25,0.00,0.00,,
06AABCF5150G1ZZ,,2380601308,,5792965.38,,,,,,,
06AABCF5150G1ZZ,,2380654774,,7677204.55,,,,,,,
06AABCF5150G1ZZ,,2380681637,,12988241.63,,,,,,,
06AABCF5150G1ZZ,,2380750470,,14019372.30,,,,,,,
06AABCF5150G1ZZ,,2380773085,,16419112.57,,,,,,,
06AABCF5150G1ZZ,,2380789262,,9363815.25,,,,,,,
06AABCF5150G1ZZ,,2380620371,,7169462.56,,,,,,,
06AABCF5150G1ZZ,,2380635186,,8773333.43,,,,,,,
06AABCF5150G1ZZ,,2380692514,,16552367.83,,,,,,,
06AABCF5150G1ZZ,,2380712484,,10113971.93,,,,,,,
06AABCF5150G1ZZ,,2380733715,,9789287.32,,,,,,,
33AACCF5641F1ZZ,,Invoice,,283783.50,,,,,,,
33AABFF6993Q1ZQ,,e-Way,,208278.00,,,,,,,
33AABFF6993Q1ZQ,,e-Way,,88830.00,,,,,,,
33AABFF6993Q1ZQ,,e-Way,,171061.80,,,,,,,
33AABFF6993Q1ZQ,,Dated,,127.40,,,,,,,
33AABFF6993Q1ZQ,,e-Way,,367972.50,,,,,,,
33AABFF6993Q1ZQ,,e-Way,,122808.00,,,,,,,
33AABFF6993Q1ZQ,,e-Way,,268548.00,,,,,,,
33AABFF6993Q1ZQ,,e-Way,,114954.00,,,,,,,
33AABFF6993Q1ZQ,,e-Way,,120225.00,,,,,,,
33AABFF6993Q1ZQ,,e-Way,,250548.90,,,,,,,
33AABFF6993Q1ZQ,,e-Way,,191100.00,,,,,,,
33AABFF6993Q1ZQ,,e-Way,,191100.00,,,,,,,
33AABFF6993Q1ZQ,,e-Way,,165110.40,,,,,,,
33AABFF6993Q1ZQ,,e-Way,,111087.90,,,,,,,
33AABFF6993Q1ZQ,,e-Way,,261128.70,,,,,,,
33AABFF6993Q1ZQ,,e-Way,,468195.00,,,,,,,
33AABFF6993Q1ZQ,,Dated,,1750.00,,,,,,,
33AABFF6993Q1ZQ,,e-Way,,85260.00,,,,,,,
33AABFF6993Q1ZQ,,Dated,,138.00,,,,,,,
33AABFF6993Q1ZQ,,e-Way,,265650.00,,,,,,,
29AACCF6234E1ZR,,CL25261695,01/11/2025,96751.74,,,,,,,
29AACCF6234E1ZR,,CL25260713,01/07/2025,44510.19,,,,,,,
29AACCF6234E1ZR,,CL25260919,01/08/2025,55058.21,,,,,,,
29AACCF6234E1ZR,,CL25261151,01/09/2025,133681.02,,,,,,,
29AACCF6234E1ZR,,CL25261432,01/10/2025,78588.00,,,,,,,
29AACCF6234E1ZR,,CL25262011,01/12/2025,110168.34,,,,,,,
29AACCF6234E1ZR,,CL25262265,01/01/2026,126197.46,,,,,,,
29AACCF6234E1ZR,,CL25262469,21/01/2026,13500.44,,,,,,,
29AACCF6234E1ZR,,CL25262531,01/02/2026,77886.84,,,,,,,
29AACCF6234E1ZR,,CL25262801,10/02/2026,72423.50,,,,,,,
29AACCF6234E1ZR,,CL25262011,11/12/2025,21240.00,,,,,,,
29AACCF6234E1ZR,,CL25261695,19/12/2025,23600.00,,,,,,,
29AACCF6234E1ZR,,CL25262531,04/02/2026,77886.84,,,,,,,
07AACCF6234E3ZV,,CL25260036,01/04/2025,23600.00,,,,,,,
07AACCF6234E3ZV,,CL25260194,04/05/2025,70120.32,,,,,,,
07AACCF6234E3ZV,,CL25260451,01/06/2025,80024.06,,,,,,,
27AAACW8099E1ZX,,Frappe,,476.09,,,,,,,
27AAACW8099E1ZX,,Frappe,,819.90,,,,,,,
27AAACW8099E1ZX,,Frappe,,819.95,,,,,,,
27AAACW8099E1ZX,,Frappe,,819.95,,,,,,,
33AACCF9391C1ZQ,,FVPL-102/25-26,17.10.2025,0.00,,,,,,,
33AACCF9391C1ZQ,,FVPL-103/25-26,24.10.2025,0.00,,,,,,,
33AACCF9391C1ZQ,,FVPL-104/25-26,25.10.2025,0.00,,,,,,,
32AAECF5277D1ZV,,20,22-12-2025,2938.20,18,2938.20,0.00,672.30,672.30,,
07AAICG6853C1ZL,,Dated,,18318.46,,,,,,,
07AAICG6853C1ZL,,Dated,,8153.00,,,,,,,
07AAICG6853C1ZL,,Dated,,12562.13,,,,,,,
07AAICG6853C1ZL,,Dated,,7878.68,,,,,,,
07AAICG6853C1ZL,,Dated,,24754.25,,,,,,,
07AAICG6853C1ZL,,Dated,,8429.87,,,,,,,
07AAICG6853C1ZL,,Dated,,18879.32,,,,,,,
07AAICG6853C1ZL,,Dated,,158.93,,,,,,,
07AAICG6853C1ZL,,Dated,,19323.67,,,,,,,
07AAICG6853C1ZL,,Dated,,17828.04,,,,,,,
07AAICG6853C1ZL,,Dated,,10580.02,,,,,,,
07AAICG6853C1ZL,,Dated,,30715.27,,,,,,,
07AAICG6853C1ZL,,Dated,,8867.24,,,,,,,
07AAICG6853C1ZL,,Dated,,42048.73,,,,,,,
07AAICG6853C1ZL,,Dated,,8644.45,,,,,,,
07AAICG6853C1ZL,,Dated,,25802.42,,,,,,,
07AAICG6853C1ZL,,Dated,,11238.09,,,,,,,
06AACCG0527D1Z8,,5403301041,,3475394.74,,,,,,,
06AACCG0527D1Z8,,5354003104,,2339038.96,,,,,,,
06AACCG0527D1Z8,,5436619254,,4179122.09,,,,,,,
06AACCG0527D1Z8,,5456379679,,4045253.66,,,,,,,
06AACCG0527D1Z8,,5486968062,,1980605.43,,,,,,,
06AACCG0527D1Z8,,5505645284,,48581.23,,,,,,,
06AACCG0527D1Z8,,5507950777,,205025.91,,,,,,,
06AACCG0527D1Z8,,5299408515,,274699.13,,,,,,,
06AACCG0527D1Z8,,5244434308,,1617126.45,,,,,,,
06AACCG0527D1Z8,,5272583911,,1310533.24,,,,,,,
32AASCM2174Q1ZT,,GBV/25-26/187P,,9000.00,,50000.00,,,,,
32AASCM2174Q1ZT,,GO/25/04/1201,,917020067527527.00,18,,1025.09,0.00,0.00,,
32AASCM2174Q1ZT,,GO/25/05/881,,917020067527527.00,18,,1124.08,0.00,0.00,,
32AASCM2174Q1ZT,,GO/25/06/815,,917020067527527.00,18,,1124.08,0.00,0.00,,
33AALFI4182J1Z6,,16/25-26,05/12/2025,291728.00,5,,13892.00,0.00,0.00,,
29CAHPR8145Q1ZM,,INV-LB0026,30/07/2025,41300.00,,,,,,,
29AAFCI8395A1ZB,,Dated,,22500.00,18,,22500.00,0.00,0.00,,
29AAFCI8395A1ZB,,Dated,,22500.00,18,,22500.00,0.00,0.00,,
29AAFCI8395A1ZB,,Dated,,22500.00,18,,22500.00,0.00,0.00,,
29AAFCI8395A1ZB,,Dated,,22500.00,18,,22500.00,0.00,0.00,,
29AAFCI8395A1ZB,,Dated,,54000.00,18,,54000.00,0.00,0.00,,
29AAFCI8395A1ZB,,Dated,,69467.22,18,,69467.22,0.00,0.00,,
29AAFCI8395A1ZB,,Dated,,22500.00,18,,22500.00,0.00,0.00,,
29AAFCI8395A1ZB,,Dated,,7682.94,18,,7682.94,0.00,0.00,,
29AAFCI8395A1ZB,,Dated,,22500.00,18,,22500.00,0.00,0.00,,
29AAFCI8395A1ZB,,Dated,,22500.00,18,,22500.00,0.00,0.00,,
29AAFCI8395A1ZB,,Dated,,22500.00,18,,22500.00,0.00,0.00,,
29AAFCI8395A1ZB,,Dated,,54000.00,18,,54000.00,0.00,0.00,,
32AACCI0521M1ZY,,Dated,,16207.74,,,,,,,
32AACCI0521M1ZY,,Dated,,116820.00,,,,,,,
32AACCI0521M1ZY,,Dated,,122661.00,,,,,,,
32AACCI0521M1ZY,,Dated,,116820.00,,,,,,,
32AACCI0521M1ZY,,Dated,,17557.38,,,,,,,
32AACCI0521M1ZY,,Dated,,116820.00,,,,,,,
32AACCI0521M1ZY,,Dated,,15682.50,,,,,,,
32AACCI0521M1ZY,,Dated,,18235.10,,,,,,,
32AACCI0521M1ZY,,Dated,,15377.64,,,,,,,
32AACCI0521M1ZY,,Dated,,85667.94,,,,,,,
32AACCI0521M1ZY,,Dated,,116820.00,,,,,,,
32AACCI0521M1ZY,,Dated,,116820.00,,,,,,,
32AACCI0521M1ZY,,Dated,,116820.00,,,,,,,
32AACCI0521M1ZY,,Dated,,15956.28,,,,,,,
32AACCI0521M1ZY,,Dated,,116820.00,,,,,,,
32AACCI0521M1ZY,,Dated,,15963.48,,,,,,,
32AACCI0521M1ZY,,Dated,,116820.00,,,,,,,
32AACCI0521M1ZY,,Dated,,12893.58,,,,,,,
24BDIPN4939D1ZJ,Trupti Anghan,IN-3799,26.09.2025,479.00,5,456.19,22.81,0.00,0.00,,
06BWZPJ4942A1ZC,K.S.STEEL,PVZK-2651,29.10.2025,930.02,5,885.73,44.29,0.00,0.00,,
29BBTPR7956K1ZC,KVS ENTERPRISES,BLR8-712,16.06.2025,7695.96,18,9462.00,1703.16,0.00,0.00,,
32AAHCK3745J1ZH,,Dated,,123.82,,,,,,,
29AAJCM9786B1ZW,,INVK-25-26-0331,03/02/2026,47082.00,,,,,,,
29AAJCM9786B1ZW,,INVK-25-26-0292,23/12/2025,47082.00,,,,,,,
32AAICK9958Q1ZJ,,INVAN250213,16/12/2025,41300.00,,,,,,,
29AAGCK6547B1ZG,,Dated,,18000.00,,,,,,,
29AAGCK6547B1ZG,,Dated,,118108.00,,,,,,,
29AAGCK6547B1ZG,,Dated,,18000.00,,,,,,,
29AAGCK6547B1ZG,,Dated,,18000.00,,,,,,,
29AAGCK6547B1ZG,,Dated,,18000.00,,,,,,,
29AAGCK6547B1ZG,,Dated,,118108.00,,,,,,,
29AAGCK6547B1ZG,,Dated,,18000.00,,,,,,,
29AAGCK6547B1ZG,,Dated,,18000.00,,,,,,,
29AAGCK6547B1ZG,,Dated,,119017.00,,,,,,,
29AAGCK6547B1ZG,,Dated,,18000.00,,,,,,,
29AAGCK6547B1ZG,,Dated,,118000.00,,,,,,,
29AAGCK6547B1ZG,,Dated,,27000.00,,,,,,,
29AAGCK6547B1ZG,,Dated,,18000.00,,,,,,,
29AAECL9241M1ZX,Lukus Brands Pvt Ltd,XIV2-1609,18.07.2025,3999.00,18,3388.98,610.02,0.00,0.00,,
32AABCL0212H1ZB,,2526100001024241,02/02/2026,18109.46,,,,,,,
32AABCL0212H1ZB,,2526100001024272,02/02/2026,284231.18,,,,,,,
32AABCL0212H1ZB,,2526100001003206,17/05/2025,4388.00,,,,,,,
32AABCL0212H1ZB,,2526100001005479,11/06/2025,4534.00,,,,,,,
32AABCL0212H1ZB,,2526100001001612,01/05/2025,54941.25,,,,,,,
32AABCL0212H1ZB,,2526100001002069,02/05/2025,17248.24,,,,,,,
32AABCL0212H1ZB,,2526100001000228,01/04/2025,300300.00,,,,,,,
32AABCL0212H1ZB,,2526100001000470,01/04/2025,54941.25,,,,,,,
32AABCL0212H1ZB,,2526100001018741,01/12/2025,57688.31,,,,,,,
32AABCL0212H1ZB,,2526100001000933,08/04/2025,17248.24,,,,,,,
32AABCL0212H1ZB,,2526100001017204,31/10/2025,4130.00,,,,,,,
32AABCL0212H1ZB,,2526100001002738,10/05/2025,14875.00,,,,,,,
32AABCL0212H1ZB,,2526100001016951,31/10/2025,14254.00,,,,,,,
32AABCL0212H1ZB,,2526100001024095,01/02/2026,57688.31,,,,,,,
32AABCL0212H1ZB,,2526100001025184,31/01/2026,13672.00,,,,,,,
32AABCL0212H1ZB,,2526100001023842,01/02/2026,300300.00,,,,,,,
32AABCL0212H1ZB,,2526100001003754,01/06/2025,300300.00,,,,,,,
32AABCL0212H1ZB,,2526100001003963,01/06/2025,54941.25,,,,,,,
32AABCL0212H1ZB,,2526100001004847,31/05/2025,15567.00,,,,,,,
32AABCL0212H1ZB,,2526100001005307,10/06/2025,700.00,,,,,,,
32AABCL0212H1ZB,,2526100001008478,01/08/2025,300300.00,,,,,,,
32AABCL0212H1ZB,,2526100001008682,01/08/2025,54941.25,,,,,,,
32AABCL0212H1ZB,,2526100001010189,11/08/2025,55500.75,,,,,,,
32AABCL0212H1ZB,,2526100001015140,30/09/2025,14044.00,,,,,,,
32AABCL0212H1ZB,,2526100001024890,31/01/2026,35893.00,,,,,,,
32AABCL0212H1ZB,,2526100001027760,28/02/2026,12554.00,,,,,,,
32AABCL0212H1ZB,,2526100001025792,09/02/2026,79.00,,,,,,,
32AABCL0212H1ZB,,2526100001028025,28/02/2026,38.00,,,,,,,
32AABCL0212H1ZB,,2526100001015280,09/10/2025,21518.40,,,,,,,
32AABCL0212H1ZB,,2526100001001416,01/05/2025,300300.00,,,,,,,
32AABCL0212H1ZB,,2526100001002068,02/05/2025,258391.98,,,,,,,
32AABCL0212H1ZB,,2526100001000932,08/04/2025,258391.98,,,,,,,
32AABCL0212H1ZB,,2526100001018484,01/12/2025,300300.00,,,,,,,
32AABCL0212H1ZB,,2526100001021916,01/01/2026,17831.65,,,,,,,
32AABCL0212H1ZB,,2526100001021889,01/01/2026,275895.95,,,,,,,
32AABCL0212H1ZB,,2526100001024241,02/02/2026,18109.46,,,,,,,
32AABCL0212H1ZB,,2526100001022966,08/01/2026,3720.00,,,,,,,
32AABCL0212H1ZB,,2526100001024272,02/02/2026,284231.18,,,,,,,
32AABCL0212H1ZB,,2526100001004357,02/06/2025,258391.98,,,,,,,
32AABCL0212H1ZB,,2526100001006818,01/07/2025,17248.24,,,,,,,
32AABCL0212H1ZB,,2526100001007316,30/06/2025,13597.00,,,,,,,
32AABCL0212H1ZB,,2526100001007551,07/07/2025,206.00,,,,,,,
32AABCL0212H1ZB,,2526100001009722,31/07/2025,13205.00,,,,,,,
32AABCL0212H1ZB,,2526100001017504,31/10/2025,159.00,,,,,,,
32AABCL0212H1ZB,,2526100001016581,01/11/2025,17248.24,,,,,,,
32AABCL0212H1ZB,,2526100001011353,01/09/2025,54941.25,,,,,,,
32AABCL0212H1ZB,,2526100001016524,01/11/2025,258391.98,,,,,,,
32AABCL0212H1ZB,,2526100001014314,01/10/2025,258391.98,,,,,,,
32AABCL0212H1ZB,,2526100001015819,01/11/2025,300300.00,,,,,,,
32AABCL0212H1ZB,,2526100001016076,01/11/2025,55490.66,,,,,,,
32AABCL0212H1ZB,,2526100001021452,01/01/2026,57688.31,,,,,,,
32AABCL0212H1ZB,,2526100001013858,01/10/2025,54941.25,,,,,,,
32AABCL0212H1ZB,,2526100001014281,01/10/2025,17248.24,,,,,,,
32AABCL0212H1ZB,,2526100001011782,01/09/2025,17248.24,,,,,,,
32AABCL0212H1ZB,,2526100001020349,08/12/2025,3727.00,,,,,,,
32AABCL0212H1ZB,,2526100001007843,08/07/2025,3814.00,,,,,,,
32AABCL0212H1ZB,,2526100001012370,31/08/2025,13240.00,,,,,,,
32AABCL0212H1ZB,,2526100001012623,08/09/2025,3790.00,,,,,,,
32AABCL0212H1ZB,,2526100001019929,30/11/2025,13464.00,,,,,,,
32AABCL0212H1ZB,,2526100001022575,31/12/2025,13134.00,,,,,,,
32AABCL0212H1ZB,,2526100001023139,10/01/2026,59254.05,,,,,,,
32AABCL0212H1ZB,,2526100001021209,01/01/2026,300300.00,,,,,,,
32AABCL0212H1ZB,,2526100001011152,01/09/2025,300300.00,,,,,,,
32AABCL0212H1ZB,,2526100001011897,01/09/2025,258391.98,,,,,,,
32AABCL0212H1ZB,,2526100001012859,10/09/2025,634327.12,,,,,,,
32AABCL0212H1ZB,,2526100001013276,23/09/2025,263712.84,,,,,,,
32AABCL0212H1ZB,,2526100001013619,01/10/2025,300300.00,,,,,,,
32AABCL0212H1ZB,,2526100001023373,14/01/2026,38.00,,,,,,,
32AABCL0212H1ZB,,2526100001010059,07/08/2025,163.00,,,,,,,
32AABCL0212H1ZB,,2526100001020190,08/12/2025,532.00,,,,,,,
32AABCL0212H1ZB,,2526100001006292,01/07/2025,54941.25,,,,,,,
32AABCL0212H1ZB,,2526100001006806,01/07/2025,258391.98,,,,,,,
32AABCL0212H1ZB,,2526100001005705,20/06/2025,154.00,,,,,,,
32AABCL0212H1ZB,,2526100001005703,20/06/2025,241.20,,,,,,,
32AABCL0212H1ZB,,2526100001005702,20/06/2025,180.90,,,,,,,
32AABCL0212H1ZB,,2526100001005704,20/06/2025,3595.00,,,,,,,
32AABCL0212H1ZB,,2526100001005701,20/06/2025,4164.00,,,,,,,
32AABCL0212H1ZB,,2526100001004487,02/06/2025,17248.24,,,,,,,
32AABCL0212H1ZB,,2526100001010288,11/08/2025,3417.00,,,,,,,
32AABCL0212H1ZB,,2526100001014281,01/10/2025,17248.24,,,,,,,
32AABCL0212H1ZB,,2526100001014314,01/10/2025,258391.98,,,,,,,
32AABCL0212H1ZB,,2526100001014736,30/09/2025,3450.00,,,,,,,
32AABCL0212H1ZB,,2526100001019134,01/12/2025,258391.98,,,,,,,
32AABCL0212H1ZB,,2526100001019177,01/12/2025,17248.24,,,,,,,
32AABCL0212H1ZB,,2526100001020842,20/12/2025,269.00,,,,,,,
32AABCL0212H1ZB,,2526100001020843,20/12/2025,115.20,,,,,,,
32AABCL0212H1ZB,,2526100001020844,20/12/2025,155.00,,,,,,,
32AABCL0212H1ZB,,2526100001020845,20/12/2025,188.00,,,,,,,
06AADCM5146R1ZZ,,HSN/SAC,,25206.00,,,,,,,
06AADCM5146R1ZZ,,HSN/SAC,,79029.00,,,,,,,
29AASCM2174Q1ZG,,MIGCI2526/29631,,3539.00,,,,,,,
29AASCM2174Q1ZG,,MIGCI2526/32957,,3539.00,,,,,,,
29AASCM2174Q1ZG,,MIGCI2526/28562,,10029.00,,,,,,,
06AAACM5586C1ZL,,TIO26HR101274289,05/12/2025,461.63,,,,,,,
06AAACM5586C1ZL,,TIO26HR101682448,01/01/2026,2677.44,,,,,,,
06AAACM5586C1ZL,,TIO26HR101684600,20/01/2026,1231.02,,,,,,,
06AAACM5586C1ZL,,TIO26HR101841090,23/01/2026,3492.18,,,,,,,
06AAACM5586C1ZL,,TIO26HR101863341,24/01/2026,4469.98,,,,,,,
06AAACM5586C1ZL,,TIO26HR101076141,30/09/2025,954.03,,,,,,,
06AAACM5586C1ZL,,TIO26HR101104713,05/10/2025,18504.47,,,,,,,
06AAACM5586C1ZL,,TIO26HR101131566,09/10/2025,18504.47,,,,,,,
06AAACM5586C1ZL,,TIO26HR101220697,17/10/2025,4330.31,,,,,,,
06AAACM5586C1ZL,,TIO26HR101274289,30/10/2025,954.03,,,,,,,
06AAACM5586C1ZL,,TIO26HR101332651,09/11/2025,18504.47,,,,,,,
06AAACM5586C1ZL,,TIO26HR101413611,17/11/2025,4330.31,,,,,,,
06AAACM5586C1ZL,,TIO26HR101471552,30/11/2025,2862.09,,,,,,,
06AAACM5586C1ZL,,TIO26HR101497498,05/12/2025,1384.88,,,,,,,
06AAACM5586C1ZL,,TIO26HR101565158,09/12/2025,18504.47,,,,,,,
06AAACM5586C1ZL,,TIO26HR101629617,17/12/2025,4330.31,,,,,,,
06AAACM5586C1ZL,,TIO26HR101682448,30/12/2025,2862.09,,,,,,,
06AAACM5586C1ZL,,TIO26HR101684600,01/01/2026,3569.92,,,,,,,
06AAACM5586C1ZL,,TIO26HR101745025,09/01/2026,18504.47,,,,,,,
06AAACM5586C1ZL,,TIO26HR101841090,17/01/2026,4330.31,,,,,,,
06AAACM5586C1ZL,,TIO26HR101853326,20/01/2026,1538.78,,,,,,,
06AAACM5586C1ZL,,TIO26HR101863341,23/01/2026,4656.23,,,,,,,
06AAACM5586C1ZL,,TIO26HR101867319,24/01/2026,5587.48,,,,,,,
06AAACM5586C1ZL,,TIO26HR101893845,30/01/2026,5724.18,,,,,,,
06AAACM5586C1ZL,,TIO26HR101914392,03/02/2026,11352.71,,,,,,,
06AAACM5586C1ZL,,TIO26HR101958420,09/02/2026,18504.47,,,,,,,
06AAACM5586C1ZL,,TIO26HR102053828,17/02/2026,8660.61,,,,,,,
06AAACM5586C1ZL,,TIO26HR101867319,03/02/2026,3259.40,,,,,,,
06AAACM5586C1ZL,,TIO26HR101893845,03/02/2026,4960.96,,,,,,,
29AAJCM4489P1ZD,,INV/MO/2526/4811,18/02/2026,536523.89,,,,,,,
29AAJCM4489P1ZD,,INV/MO/2526/4809,18/02/2026,135485.83,,,,,,,
32AARCM9133E1ZE,,25-I-TPVD-14276,23-09-2025,34900.00,,29576.27,,,,,
32AARCM9133E1ZE,,25-I-TPVD-4885,06-06-2025,179060.00,,151745.76,,,,,
32AARCM9133E1ZE,,25-I-TPVD-0092,02-04-2025,34840.00,,29525.42,,,,,
32AARCM9133E1ZE,,25-I-TPVD-0164,03-04-2025,63992.00,,54230.52,,,,,
32AARCM9133E1ZE,,25-I-TPVD-0190,03-04-2025,2600.00,,2203.39,,,,,
32AARCM9133E1ZE,,25-I-TPVD-0767,10-04-2025,33990.00,,28805.08,,,,,
32AARCM9133E1ZE,,25-I-TPVD-2014,26-04-2025,129669.00,,109888.99,,,,,
32AARCM9133E1ZE,,25-I-TPVD-15442,11-10-2025,44940.00,,38084.76,,,,,
32AARCM9133E1ZE,,25-I-TPVD-5896,22-06-2025,33990.00,,28805.09,,,,,
32AARCM9133E1ZE,,25-I-PVF-50053,07-02-2026,92000.00,,77966.10,,,,,
32AARCM9133E1ZE,,25-I-TPVD-0575,07-04-2025,2698.00,,2286.45,,,,,
32AARCM9133E1ZE,,25-I-TPVD-15310,09-10-2025,107517.00,,91116.10,,,,,
32AARCM9133E1ZE,,25-I-TPVD-17358,17-11-2025,1.00,,0.84,,,,,
32AARCM9133E1ZE,,25-I-TPVD-17405,18-11-2025,77980.00,,66084.74,,,,,
32AARCM9133E1ZE,,25-I-TPVD-17505,20-11-2025,50000.00,,42372.91,,,,,
32AARCM9133E1ZE,,25-I-TPVD-17527,20-11-2025,159960.00,,135559.33,,,,,
32AARCM9133E1ZE,,25-I-TPVD-20040,02-01-2026,10000.00,,8474.58,,,,,
32AARCM9133E1ZE,,25-I-TPVD-20252,06-01-2026,34900.00,,29576.27,,,,,
32AARCM9133E1ZE,,25-I-TPVD-20721,15-01-2026,105380.00,,89305.08,,,,,
32AARCM9133E1ZE,,25-I-TPVD-21438,28-01-2026,1.00,,0.85,,,,,
32AARCM9133E1ZE,,25-I-TPVD-21487,29-01-2026,2.00,,1.70,,,,,
32AARCM9133E1ZE,,25-I-TPVD-21488,29-01-2026,4.00,,3.40,,,,,
32AARCM9133E1ZE,,25-I-TPVD-21561,30-01-2026,3.00,,2.55,,,,,
32AARCM9133E1ZE,,25-I-TPVD-21562,30-01-2026,3.00,,2.55,,,,,
32AARCM9133E1ZE,,25-I-TPVD-21593,31-01-2026,59990.00,,50838.98,,,,,
32AARCM9133E1ZE,,25-I-TPVD-21848,04-02-2026,75600.00,,64067.79,,,,,
32AARCM9133E1ZE,,25-I-TPVD-4171,28-05-2025,9998.00,,8472.89,,,,,
32AARCM9133E1ZE,,25-I-TPVD-5126,09-06-2025,148585.00,,125919.53,,,,,
32AARCM9133E1ZE,,25-I-TPVD-5279,12-06-2025,49590.00,,42025.42,,,,,
32AARCM9133E1ZE,,25-I-TPVD-5625,17-06-2025,244306.00,,207039.15,,,,,
32AARCM9133E1ZE,,25-I-TPVD-6601,03-07-2025,2.00,,1.71,,,,,
32AARCM9133E1ZE,,25-I-TPVD-6743,06-07-2025,101970.00,,86415.25,,,,,
32AARCM9133E1ZE,,25-I-TPVD-7054,11-07-2025,1.00,,1.09,,,,,
32AARCM9133E1ZE,,25-I-TPVD-7071,12-07-2025,33090.00,,28042.37,,,,,
32AARCM9133E1ZE,,25-I-TPVD-7764,25-07-2025,67980.00,,57610.16,,,,,
32AARCM9133E1ZE,,25-I-TPVD-8226,02-08-2025,68899.00,,58388.99,,,,,
32AARCM9133E1ZE,,25-I-TPVD-16215,26-10-2025,1.00,,0.86,,,,,
27AADCN9802F1ZG,,NAM/DT0226/616,,9440.00,,,,,,,
27AADCN9802F1ZG,,UCF/DT0425/47594,,3100000.00,,,,,,,
29AAKCN5223B1ZM,,Invoice,25/26-496,85437019.00,,,,,,,
29AAKCN5223B1ZM,,Invoice,25/26-499,853669.00,,,,,,,
29AAKCN5223B1ZM,,251/196/4C-29/1,,82320.00,,,,,,,
29ATZPS8069B1ZQ,,Invoice,25/26-354,34000.00,,,,,,,
06AAZCA2213M1ZD,,NCZ/2526/00447,22/08/2025,590000.00,,,,,,,
32AAXFM0499F1ZW,,DLEAP,15-10-25,590000.00,18,500000.00,0.00,45000.00,45000.00,,
27AACCO2799R1ZH,,INV-21707,09/04/2025,51330.00,,43500.00,,,,,
27AACCO2799R1ZH,,INV-22119,08/05/2025,10266.00,,8700.00,,,,,
27AACCO2799R1ZH,,INV-22120,08/05/2025,2566.50,,2175.00,,,,,
27AACCO2799R1ZH,,INV-22134,09/05/2025,38497.50,,32625.00,,,,,
27AACCO2799R1ZH,,INV-23039,24/07/2025,99120.00,,84000.00,,,,,
29BEXPK3490J1ZM,,Dated,,73750.00,,,,,,,
29BEXPK3490J1ZM,,Dated,,59000.00,,,,,,,
24AAJFO1390G2ZB,ONIVE HOME HEALTH AND HYGIENE CARE,IN-2728,06.12.2025,470.00,18,398.31,71.69,0.00,0.00,,
07AACCO3607L1ZE,,OPTD/2025/27,01-12-2025,177000.00,,,,,,,
07AACCO3607L1ZE,,OPTD/2025/26,01-12-2025,177000.00,,,,,,,
32AABCO1407H1Z1,,FY25-26-INV10617,17/11/2025,250.00,,211.86,,,,,
32AABCO1407H1Z1,,FY25-26-INV7012,29/08/2025,28320.00,,24000.00,,,,,
32AABCO1407H1Z1,,FY25-26-INV9322,27/10/2025,32450.00,,27500.00,,,,,
32AABCO1407H1Z1,,FY25-26-INV1410,29/04/2025,275000.00,,233059.32,,,,,
32AABCO1407H1Z1,,FY25-26-INV1432,29/04/2025,23600.00,,20000.00,,,,,
32AABCO1407H1Z1,,FY25-26-INV4820,15/07/2025,32450.00,,27500.00,,,,,
32AASCM2174Q1ZT,,Chemmad,,91.37,,,,,,,
32AASCM2174Q1ZT,,Chemmad,,91.37,,,,,,,
32AASCM2174Q1ZT,,24226033608,,1281500.00,,,,,,,
32AXNPP6339D1ZD,,PC/B2B/25-26/187,,8013.60,,,,,,,
32AXNPP6339D1ZD,,PC/B2B/25-26/023,,26975.52,,,,,,,
32AXNPP6339D1ZD,,PC/B2B/25-26/166,,28149.12,,,,,,,
32AXNPP6339D1ZD,,PC/B2B/25-26/174,,6.94,,,,,,,
27AMRPM2718G1ZS,Paradise,ZWAT-101463,10.09.2025,2398.00,18,2032.20,365.80,0.00,0.00,,
29AAPCP4953M1ZH,,INV-2025-042,31/07/2025,1396.03,,,,,,,
29AAPCP4953M1ZH,,INV-2025-058,16/08/2025,2446.36,,,,,,,
29AAPCP4953M1ZH,,INV-2025-076,01/09/2025,2415.46,,,,,,,
29AAPCP4953M1ZH,,INV-2025-114,16/09/2025,3072.25,,,,,,,
29AAPCP4953M1ZH,,INV-2025-141,01/10/2025,1836.08,,,,,,,
29AAPCP4953M1ZH,,INV-2025-165,16/10/2025,1841.51,,,,,,,
29AAPCP4953M1ZH,,INV-2025-189,01/11/2025,583.86,,,,,,,
29AAPCP4953M1ZH,,INV-2025-210,16/11/2025,269.51,,,,,,,
29AAPCP4953M1ZH,,INV-2025-237,01/12/2025,2021.10,,,,,,,
29AAPCP4953M1ZH,,INV-2025-261,16/12/2025,1594.18,,,,,,,
29AAPCP4953M1ZH,,INV-2025-288,01/01/2026,942.82,,,,,,,
29AAPCP4953M1ZH,,INV-2025-317,16/01/2026,449.07,,,,,,,
09AACCP7457K1ZV,,INV092505269768,,21190.00,,17957.70,,,,,
09AACCP7457K1ZV,,INV092504282512,,893.00,,756.87,,,,,
09AACCP7457K1ZV,,INV092505003256,,231.00,,196.00,,,,,
09AACCP7457K1ZV,,INV092505112824,,668.00,,566.13,,,,,
09AACCP7457K1ZV,,INV092510168216,,1593.00,,1350.00,,,,,
09AACCP7457K1ZV,,INV092601250301,,1593.00,,1350.00,,,,,
09AACCP7457K1ZV,,INV092602012949,,873.00,,740.00,,,,,
09AACCP7457K1ZV,,INV092510212183,,932.00,,790.00,,,,,
09AACCP7457K1ZV,,INV092510315330,,25379.00,,21507.63,,,,,
09AACCP7457K1ZV,,INV092511073669,,235.00,,199.00,,,,,
09AACCP7457K1ZV,,INV092511073670,,235.00,,199.00,,,,,
09AACCP7457K1ZV,,INV092511073671,,235.00,,199.00,,,,,
09AACCP7457K1ZV,,INV092511152977,,1593.00,,1350.00,,,,,
09AACCP7457K1ZV,,INV092511225100,,697.00,,591.00,,,,,
09AACCP7457K1ZV,,INV092511334845,,28922.00,,24509.96,,,,,
09AACCP7457K1ZV,,INV092512071504,,235.00,,199.00,,,,,
09AACCP7457K1ZV,,INV092512071505,,235.00,,199.00,,,,,
09AACCP7457K1ZV,,INV092512156263,,1593.00,,1350.00,,,,,
09AACCP7457K1ZV,,INV092512156264,,1576.00,,1335.48,,,,,
09AACCP7457K1ZV,,INV092512162395,,589.00,,499.00,,,,,
09AACCP7457K1ZV,,INV092512284989,,45624.00,,38664.03,,,,,
09AACCP7457K1ZV,,INV092601013893,,814.00,,690.00,,,,,
09AACCP7457K1ZV,,INV092601111899,,235.00,,199.00,,,,,
09AACCP7457K1ZV,,INV092601111900,,235.00,,199.00,,,,,
09AACCP7457K1ZV,,INV092601111901,,235.00,,199.00,,,,,
09AACCP7457K1ZV,,INV092601111902,,34.00,,28.87,,,,,
09AACCP7457K1ZV,,INV092601111903,,34.00,,28.87,,,,,
09AACCP7457K1ZV,,INV092601111904,,34.00,,28.87,,,,,
09AACCP7457K1ZV,,INV092601111905,,34.00,,28.87,,,,,
09AACCP7457K1ZV,,INV092601250302,,2124.00,,1800.00,,,,,
09AACCP7457K1ZV,,INV092601288288,,1180.00,,1000.00,,,,,
09AACCP7457K1ZV,,INV092602125600,,235.00,,199.00,,,,,
09AACCP7457K1ZV,,INV092602125601,,235.00,,199.00,,,,,
09AACCP7457K1ZV,,INV092602125602,,235.00,,199.00,,,,,
09AACCP7457K1ZV,,INV092602125603,,211.00,,179.00,,,,,
09AACCP7457K1ZV,,INV092602125604,,211.00,,179.00,,,,,
09AACCP7457K1ZV,,INV092602125605,,211.00,,179.00,,,,,
09AACCP7457K1ZV,,INV092602125606,,211.00,,179.00,,,,,
09AACCP7457K1ZV,,INV092602247417,,1593.00,,1350.00,,,,,
09AACCP7457K1ZV,,INV092602247418,,2124.00,,1800.00,,,,,
09AACCP7457K1ZV,,INV092602247419,,335.00,,283.87,,,,,
09AACCP7457K1ZV,,INV092602371556,,27016.00,,22894.72,,,,,
32AACCP8043P1Z4,,e-Way,,5440.50,,,,,,,
32AACCP8043P1Z4,,e-Way,,6025.08,,,,,,,
32AACCP8043P1Z4,,Dated,,4612.80,,,,,,,
32AACCP8043P1Z4,,Dated,,15.90,,,,,,,
32AACCP8043P1Z4,,Dated,,226.58,,,,,,,
32AACCP8043P1Z4,,Dated,,1928.70,,,,,,,
32AACCP8043P1Z4,,Dated,,203.76,,,,,,,
32AACCP8043P1Z4,,Dated,,791.80,,,,,,,
32AACCP8043P1Z4,,Dated,,282.28,,,,,,,
32AACCP8043P1Z4,,Dated,,1528.56,,,,,,,
32AACCP8043P1Z4,,e-Way,,57907.00,,,,,,,
32AACCP8043P1Z4,,e-Way,,72844.00,,,,,,,
32AACCP8043P1Z4,,e-Way,,55180.00,,,,,,,
32AACCP8043P1Z4,,e-Way,,87675.00,,,,,,,
32AACCP8043P1Z4,,Dated,,1462.28,,,,,,,
32AACCP8043P1Z4,,Dated,,1383.50,,,,,,,
32AACCP8043P1Z4,,e-Way,,61980.00,,,,,,,
32AACCP8043P1Z4,,e-Way,,60325.00,,,,,,,
32AACCP8043P1Z4,,Dated,,1378.02,,,,,,,
32AACCP8043P1Z4,,Dated,,1330.50,,,,,,,
32AACCP8043P1Z4,,Dated,,232.50,,,,,,,
32AACCP8043P1Z4,,Dated,,2069.04,,,,,,,
32AACCP8043P1Z4,,Dated,,1281.60,,,,,,,
32AACCP8043P1Z4,,Dated,,3150.60,,,,,,,
27ABCFP3971G1Z3,,INV/25-26/0008,24/09/2025,23600.00,,,,,,,
33ABGFP0051M1ZC,,INV-14,01/07/2025,246697.50,,,,,,,
33ABGFP0051M1ZC,,INV-15,01/07/2025,38461.50,,,,,,,
33ABGFP0051M1ZC,,INV-17,05/07/2025,279699.00,,,,,,,
33ABGFP0051M1ZC,,INV-29,04/09/2025,94122.00,,,,,,,
33ABGFP0051M1ZC,,INV-30,13/09/2025,28743.75,,,,,,,
33ABGFP0051M1ZC,,INV-32,27/09/2025,289380.00,,,,,,,
33ABGFP0051M1ZC,,INV-33,01/10/2025,311220.00,,,,,,,
33ABGFP0051M1ZC,,INV-36,08/10/2025,149226.00,,,,,,,
33ABGFP0051M1ZC,,INV-37,09/10/2025,49875.00,,,,,,,
33ABGFP0051M1ZC,,INV-38,13/10/2025,325505.25,,,,,,,
33ABGFP0051M1ZC,,INV-39,13/10/2025,108501.75,,,,,,,
33ABGFP0051M1ZC,,INV-41,19/10/2025,218835.75,,,,,,,
33ABGFP0051M1ZC,,INV-42,19/10/2025,72434.25,,,,,,,
33ABGFP0051M1ZC,,INV-43,28/10/2025,234192.00,,,,,,,
33ABGFP0051M1ZC,,INV-44,28/10/2025,77920.50,,,,,,,
33BDSPS6074E1Z5,,Dated,,1800.00,,,,,,,
07AAACQ8630R1ZT,,INV-010541,30/05/2025,29500.00,,25000.00,,,,,
32ABFFM9002L1ZB,,INV-013718,21/10/2025,59000.00,,50000.00,,,,,
32AASCM2174Q1ZT,,INV-015362,03/01/2026,17700.00,,15000.00,,,,,
32AASCM2174Q1ZT,,INV-015465,09/01/2026,23600.00,,20000.00,,,,,
32AASCM2174Q1ZT,,INV-015953,02/02/2026,23600.00,,20000.00,,,,,
32AASCM2174Q1ZT,,INV-016061,08/02/2026,7375.00,,6250.00,,,,,
07AAACQ8630R1ZT,,INV-009937,02/05/2025,23600.00,,20000.00,,,,,
07AAACQ8630R1ZT,,INV-010048,08/05/2025,23010.00,,19500.00,,,,,
07AAACQ8630R1ZT,,INV-010458,26/05/2025,23600.00,,20000.00,,,,,
07AAACQ8630R1ZT,,INV-010494,28/05/2025,23600.00,,20000.00,,,,,
07AAACQ8630R1ZT,,INV-010560,31/05/2025,44840.00,,38000.00,,,,,
07AAACQ8630R1ZT,,INV-010565,31/05/2025,53100.00,,45000.00,,,,,
32AASCM2174Q1ZT,,INV-013976,01/11/2025,35400.00,,30000.00,,,,,
32AASCM2174Q1ZT,,INV-014118,08/11/2025,23010.00,,19500.00,,,,,
32AASCM2174Q1ZT,,INV-015078,20/12/2025,17700.00,,15000.00,,,,,
32AASCM2174Q1ZT,,INV-015191,25/12/2025,70800.00,,60000.00,,,,,
32AASCM2174Q1ZT,,INV-015225,27/12/2025,165200.00,,140000.00,,,,,
32AASCM2174Q1ZT,,INV-015272,30/12/2025,82600.00,,70000.00,,,,,
32ABFFM9002L1ZB,,INV-013773,24/10/2025,23600.00,,20000.00,,,,,
32AASCM2174Q1ZT,,INV-013912,30/10/2025,23600.00,,20000.00,,,,,
32ABFFM9002L1ZB,,INV-011549,15/07/2025,35400.00,,30000.00,,,,,
29AAECR0564M2ZY,R K WorldInfocom Pvt Ltd,BLR8-5708326,26.09.2025,399.00,18,338.14,60.86,0.00,0.00,,
29AAECR0564M2ZY,R K WorldInfocom Pvt Ltd,BLR8-9361964,11.02.2026,662.00,18,588.09,73.91,0.00,0.00,,
29AAECR0564M2ZY,R K WorldInfocom Pvt Ltd,BLR8-9361996,11.02.2026,599.00,18,507.63,91.37,0.00,0.00,,
27AAECR0564M1Z3,R K WorldInfocom Pvt Ltd,BOM7-3816442,06.12.2025,521.00,18,441.53,79.47,0.00,0.00,,
33AAECR0564M1ZA,R K WorldInfocom Pvt Ltd,CJB1-1407200,04.06.2025,947.00,18,802.55,144.45,0.00,0.00,,
33AAECR0564M1ZA,R K WorldInfocom Pvt Ltd,CJB1-5077132,18.10.2025,185.00,18,156.78,28.22,0.00,0.00,,
33AAECR0564M1ZA,R K WorldInfocom Pvt Ltd,CJB1-5179572,18.10.2025,185.00,18,156.78,28.22,0.00,0.00,,
33AAECR0564M1ZA,R K WorldInfocom Pvt Ltd,CJB1-5328920,29.10.2025,2474.30,18,2329.50,144.80,0.00,0.00,,
32AAECR0564M1ZC,R K WorldInfocom Pvt Ltd,COX1-539228,10.09.2025,200.00,6,178.58,0.00,10.71,0.00,,
32AAECR0564M1ZC,R K WorldInfocom Pvt Ltd,FTRA-111779,10.09.2025,435.00,9,368.64,0.00,33.18,0.00,,
36AAECR0564M3Z2,R K WorldInfocom Pvt Ltd,HYD8-2911212,24.06.2025,220.00,18,186.44,33.56,0.00,0.00,,
36AAECR0564M3Z2,R K WorldInfocom Pvt Ltd,HYD8-6564019,17.10.2025,253.00,5,240.95,12.05,0.00,0.00,,
36AAECR0564M3Z2,R K WorldInfocom Pvt Ltd,HYD8-7999864,06.12.2025,219.00,18,185.59,33.41,0.00,0.00,,
33AAECR0564M1ZA,R K WorldInfocom Pvt Ltd,MAA4-6801877,02.01.2026,2214.00,5,2108.58,105.42,0.00,0.00,,
32AASCM2174Q1ZT,,PC1UQNIFFBJW0725,31/07/2025,1.00,,,,,,,
32AASCM2174Q1ZT,,PC1UQNIFFBJW1225,31/12/2025,1.00,,,,,,,
32AASCM2174Q1ZT,,PC1UQNIFFBJW0625,30/06/2025,1.00,,,,,,,
29AAECR8516M1ZR,Radiant Consumer Appliances Pvt Ltd,BLR7-135,22.04.2025,1417.00,18,1200.85,216.15,0.00,0.00,,
36AAECR8516M1ZW,Radiant Consumer Appliances Pvt Ltd,HYD3-553,24.06.2025,2830.00,18,2398.30,431.70,0.00,0.00,,
36AAECR8516M1ZW,Radiant Consumer Appliances Pvt Ltd,HYD3-742,11.07.2025,4170.00,18,5800.85,1044.14,0.00,0.00,,
36AAECR8516M1ZW,Radiant Consumer Appliances Pvt Ltd,HYD8-10792,11.02.2026,5472.00,5,5211.44,260.56,0.00,0.00,,
36AAECR8516M1ZW,Radiant Consumer Appliances Pvt Ltd,HYD8-10843,11.02.2026,5472.00,5,5211.44,260.56,0.00,0.00,,
36AAECR8516M1ZW,Radiant Consumer Appliances Pvt Ltd,HYD8-1183,12.05.2025,5530.28,18,4686.66,843.62,0.00,0.00,,
36AAECR8516M1ZW,Radiant Consumer Appliances Pvt Ltd,HYD8-149,07.04.2025,1462.00,18,1238.98,223.02,0.00,0.00,,
36AAECR8516M1ZW,Radiant Consumer Appliances Pvt Ltd,HYD8-1818,04.06.2025,5371.90,18,4552.46,819.44,0.00,0.00,,
36AAECR8516M1ZW,Radiant Consumer Appliances Pvt Ltd,HYD8-1819,04.06.2025,5278.04,18,4472.92,805.12,0.00,0.00,,
36AALCR3173P1ZO,RETAILEZ PRIVATE LIMITED,HYD8-2139322,26.09.2025,7418.00,18,8657.62,1558.38,0.00,0.00,,
36AAECR8516M1ZW,Radiant Consumer Appliances Pvt Ltd,HYD8-2807,11.07.2025,4052.40,18,3434.23,618.17,0.00,0.00,,
36AAECR8516M1ZW,Radiant Consumer Appliances Pvt Ltd,HYD8-2808,11.07.2025,2694.01,18,2283.05,410.96,0.00,0.00,,
36AAECR8516M1ZW,Radiant Consumer Appliances Pvt Ltd,HYD8-3705,04.08.2025,5538.04,18,4693.24,844.80,0.00,0.00,,
36AAECR8516M1ZW,Radiant Consumer Appliances Pvt Ltd,HYD8-4506,25.08.2025,4347.00,18,3683.89,663.11,0.00,0.00,,
36AAECR8516M1ZW,Radiant Consumer Appliances Pvt Ltd,HYD8-5220,16.09.2025,2817.00,18,2387.29,429.71,0.00,0.00,,
36AAECR8516M1ZW,Radiant Consumer Appliances Pvt Ltd,HYD8-5658,26.09.2025,1407.00,18,1192.37,214.63,0.00,0.00,,
36AAECR8516M1ZW,Radiant Consumer Appliances Pvt Ltd,HYD8-6264,17.10.2025,4506.00,18,3818.64,687.36,0.00,0.00,,
36AAECR8516M1ZW,Radiant Consumer Appliances Pvt Ltd,HYD8-6266,17.10.2025,2817.00,18,2387.29,429.71,0.00,0.00,,
36AAECR8516M1ZW,Radiant Consumer Appliances Pvt Ltd,HYD8-674,28.04.2025,1462.00,18,1238.98,223.02,0.00,0.00,,
36AAECR8516M1ZW,Radiant Consumer Appliances Pvt Ltd,HYD8-7050,08.11.2025,7020.00,18,5949.16,1070.84,0.00,0.00,,
36AAECR8516M1ZW,Radiant Consumer Appliances Pvt Ltd,HYD8-7051,08.11.2025,1502.00,18,1272.88,229.12,0.00,0.00,,
36AAECR8516M1ZW,Radiant Consumer Appliances Pvt Ltd,HYD8-8217,06.12.2025,2684.00,18,2274.58,409.42,0.00,0.00,,
36AAECR8516M1ZW,Radiant Consumer Appliances Pvt Ltd,HYD8-8218,06.12.2025,195.00,18,5851.70,1053.30,0.00,0.00,,
36AAECR8516M1ZW,Radiant Consumer Appliances Pvt Ltd,HYD8-9318,02.01.2026,8052.00,5,7668.60,383.40,0.00,0.00,,
32AFOPJ1345Q1Z4,,BB-127,,48888.00,,,,,,,
32AFOPJ1345Q1Z4,,BB-96,,152250.00,,,,,,,
32AASCM2174Q1ZT,,PC1UQNIFFBJW0425,30/04/2025,1.00,,,,,,,
32AASCM2174Q1ZT,,PC1UQNIFFBJW0525,31/05/2025,1.00,,,,,,,
32AASCM2174Q1ZT,,PC1UQNIFFBJW0725,31/07/2025,1.00,,,,,,,
32AASCM2174Q1ZT,,PC1UQNIFFBJW0825,31/08/2025,1.00,,,,,,,
32AASCM2174Q1ZT,,PC1UQNIFFBJW0925,30/09/2025,1.00,,,,,,,
32AASCM2174Q1ZT,,PC1UQNIFFBJW1025,31/10/2025,1.00,,,,,,,
32AASCM2174Q1ZT,,PC1UQNIFFBJW1125,30/11/2025,1.00,,,,,,,
32AASCM2174Q1ZT,,PC1UQNIFFBJW1225,31/12/2025,1.00,,,,,,,
32AASCM2174Q1ZT,,PC1UQNIFFBJW0625,30/06/2025,1.00,,,,,,,
33ADTPA7888G2Z2,,CHN/25-26/06978,23/07/2025,6962.00,,,,,,,
33ADTPA7888G2Z2,,CHN/25-26/06155,11/07/2025,30326.00,,,,,,,
27AACCR9606C1ZH,,Dated,,900.00,,,,,,,
29AALCR3173P1ZJ,RETAILEZ PRIVATE LIMITED,BLR7-1999161,10.09.2025,1099.00,12,981.25,117.75,0.00,0.00,,
32AALCR3173P1ZW,RETAILEZ PRIVATE LIMITED,FTRA-25338,16.09.2025,1699.00,6,1516.96,0.00,91.02,0.00,,
36AALCR3173P1ZO,RETAILEZ PRIVATE LIMITED,HYD8-2139322,26.09.2025,7418.00,18,8657.62,1558.38,0.00,0.00,,
29AALCR3173P1ZJ,RETAILEZ PRIVATE LIMITED,BLR7-1999161,10.09.2025,1099.00,,,,,,,
24ABFFR7563K1ZR,,36/25-26,25/08/2025,1830.00,,1902.00,,,,,
29ADCPT8466G1ZY,SP Infotech,BLR7-8177,14.01.2026,4301.46,18,4913.94,884.52,0.00,0.00,,
33ADCPT8466G1Z9,SP Infotech,MAA4-4856,02.01.2026,2088.00,18,1769.49,318.51,0.00,0.00,,
33ADCPT8466G1Z9,SP Infotech,MAA4-4856,02.01.2026,2088.00,,,,,,,
32AEKFS5073F1Z0,,INV-STS/000023,05/04/2025,1374.70,,,,,,,
32AEKFS5073F1Z0,,INV-STS/000035,08/04/2025,2124.00,,,,,,,
32AEKFS5073F1Z0,,INV-STS/000168,10/05/2025,1374.70,,,,,,,
32AEKFS5073F1Z0,,INV-STS/000185,12/05/2025,2750.00,,,,,,,
32AEKFS5073F1Z0,,INV-STS/000960,09/10/2025,1628.40,,,,,,,
32AEKFS5073F1Z0,,INV-STS/001270,10/12/2025,3255.96,,,,,,,
32AEKFS5073F1Z0,,INV-STS/001467,17/01/2026,542.56,,,,,,,
32AAXCS0275R1ZI,,309/08,28-11-2025,34220.00,,,,,,,
32AAXCS0275R1ZI,,309/08,27-11-2025,640799.00,,,,,,,
32CXVPS8231B1Z9,,Dated,,9342.00,,,,,,,
33AERFS2828B1Z2,,24-25/230,24-10-2024,235042.50,,,,,,,
07AIFPG0273N1Z7,Shiv store chemist,IN-25604,11.02.2026,3590.00,5,3419.04,170.96,0.00,0.00,,
32AAICS1883L1Z1,,SCC/2025-26/590,01/09/2025,18577.00,,,,,,,
32AASCM2174Q1ZT,,20387,01/04/2025,15246.00,18,,0.00,1162.80,1162.80,,
32AAICS1883L1Z1,,SCC/2024-25/135,01/04/2025,14714.00,,,,,,,
32AAICS1883L1Z1,,SCC/2024-25/305,01/05/2025,2141.00,,,,,,,
32AAICS1883L1Z1,,SCC/2025-26/1110,01/12/2025,5857.00,,,,,,,
32AAICS1883L1Z1,,SCC/2025-26/1228,01/01/2026,17839.00,,,,,,,
32AAICS1883L1Z1,,SCC/2025-26/17,01/06/2025,6707.00,,,,,,,
32AAICS1883L1Z1,,SCC/2025-26/249,01/07/2025,135171.00,,,,,,,
32AAICS1883L1Z1,,SCC/2025-26/505,01/08/2025,464997.93,,,,,,,
32AAICS1883L1Z1,,SCC/2025-26/731,01/10/2025,7888.00,,,,,,,
32AAICS1883L1Z1,,SCC/2025-26/907,01/11/2025,17313.00,,,,,,,
23ABHCS4880M1ZU,,INV-20220200,,285344.00,,,,,,,
33ABHCS4880M1ZT,,INV-33-250114,04/03/2025,46725.00,,,,,,,
33ABHCS4880M1ZT,,INV-33-250115,04/07/2025,282686.00,,,,,,,
33ABHCS4880M1ZT,,INV-33-250120,04/23/2025,7875.00,,,,,,,
33ABHCS4880M1ZT,,INV-33-250121,04/25/2025,237038.00,,,,,,,
33ABHCS4880M1ZT,,INV-33-250122,04/26/2025,234780.00,,,,,,,
33ABHCS4880M1ZT,,INV-33-250123,04/29/2025,75600.00,,,,,,,
33ABHCS4880M1ZT,,INV-33-250132,05/12/2025,566370.00,,,,,,,
33ABHCS4880M1ZT,,INV-33-250139,05/17/2025,196980.00,,,,,,,
33ABHCS4880M1ZT,,INV-33-250153,,881780.00,,,,,,,
32AAQFS7549J1ZK,,BB/240/25-26,,61.02,,,,,,,
32AAQFS7549J1ZK,,BB/348/25-26,,61.02,,,,,,,
32AAQFS7549J1ZK,,BB/71/24-25,,122.04,,,,,,,
32AASCM2174Q1ZT,,Dated,,52708.00,18,,147362.31,0.00,0.00,,
32AASCM2174Q1ZT,,Dated,,325478.00,18,,139419.68,0.00,0.00,,
29AASCM2174Q1ZG,,Dated,,53235.00,18,,0.00,37938.51,37938.51,,
32AASCM2174Q1ZT,,Dated,,9381.00,18,,5818.50,0.00,0.00,,
27BQYPB2035H1ZR,,INV25-26/0028,01/06/2025,9204.00,,,,,,,
27AAZCS2730D1Z4,,CN-11526,,2695.00,,,,,,,
27AAZCS2730D1Z4,,CN-10897,,49.00,,,,,,,
27AAZCS2730D1Z4,,CN-10898,,412.00,,,,,,,
27AAZCS2730D1Z4,,CN-12132,,3244.00,,,,,,,
27AAZCS2730D1Z4,,33961,,79549.00,,,,,,,
27AAZCS2730D1Z4,,CN-10418,,1955.00,,,,,,,
27AAZCS2730D1Z4,,26741,,42347.00,,,,,,,
27AAZCS2730D1Z4,,26742,,13187.00,,,,,,,
27AAZCS2730D1Z4,,29166,,26406.00,,,,,,,
27AAZCS2730D1Z4,,31707,,18457.00,,,,,,,
27AAZCS2730D1Z4,,32186,,87202.00,,,,,,,
27AAZCS2730D1Z4,,32935,,54136.00,,,,,,,
27AAZCS2730D1Z4,,35028,,96500.00,,,,,,,
27AAZCS2730D1Z4,,36138,,111962.00,,,,,,,
27AAZCS2730D1Z4,,38501,,33683.00,,,,,,,
27AAZCS2730D1Z4,,CN-13399,,5609.00,,,,,,,
27AAZCS2730D1Z4,,CN-10206,,314.00,,,,,,,
27AAZCS2730D1Z4,,CN-10207,,149.00,,,,,,,
27AAZCS2730D1Z4,,CN-14058,,3896.00,,,,,,,
27AAZCS2730D1Z4,,CN-14753,,1142.00,,,,,,,
27AAZCS2730D1Z4,,CN-8333,,646.00,,,,,,,
27AAZCS2730D1Z4,,CN-8334,,256.00,,,,,,,
27AAZCS2730D1Z4,,CN-9566,,1474.00,,,,,,,
27AAZCS2730D1Z4,,CN-9567,,413.00,,,,,,,
27AAZCS2730D1Z4,,CN-9760,,45.00,,,,,,,
27AAZCS2730D1Z4,,27968,,47570.00,,,,,,,
27AAZCS2730D1Z4,,27969,,10207.00,,,,,,,
27AAZCS2730D1Z4,,29167,,7097.00,,,,,,,
27AAZCS2730D1Z4,,29622,,13486.00,,,,,,,
27AAZCS2730D1Z4,,30425,,10824.00,,,,,,,
27AAZCS2730D1Z4,,30891,,60674.00,,,,,,,
27AAZCS2730D1Z4,,37309,,57482.00,,,,,,,
32ASLPS3124Q1ZA,,Dated,,4906.18,,,,,,,
32ASLPS3124Q1ZA,,Dated,,1973.32,,,,,,,
29EBGPS0013C1Z0,,WH-25-26-1186,28/02/2026,47630.70,,,,,,,
29EBGPS0013C1Z0,,WH-25-26-183,30/09/2025,12620.10,,,,,,,
29EBGPS0013C1Z0,,WH-25-26-23,31/08/2025,16561.30,,,,,,,
29EBGPS0013C1Z0,,WH-25-26-511,31/10/2025,46179.30,,,,,,,
29EBGPS0013C1Z0,,WH-25-26-697,30/11/2025,49860.90,,,,,,,
29EBGPS0013C1Z0,,WH-25-26-881,31/12/2025,54999.80,,,,,,,
29EBGPS0013C1Z0,,WH-25-26-910,31/01/2026,35034.20,,,,,,,
29AEPFS0555K1ZE,,Dated,,581726.00,,,,,,,
27APOPG6096D1ZM,SUNDHA COMPUTER,VLPK-24083,29.10.2025,1329.05,18,1126.31,202.74,0.00,0.00,,
32AASCM2174Q1ZT,,TDMFINV-1682,,3766.56,,,,,,,
27AAWFT0952E1ZU,,2025-283,05-11-2025,141600.00,,,,,,,
24APHPM2788P2Z4,,Dated,,73.45,,,,,,,
32AJYPP2815R1ZC,,Dated,,15694.00,,,,,,,
32AJYPP2815R1ZC,,Dated,,1416.00,,,,,,,
29AADCT7644P1ZH,,Dated,,,,,,,,,
32AACFT7848P1ZJ,,SIT-BS-11082,16-07-2025,3659.94,,,,,,,
32AACFT7848P1ZJ,,SIT-BS-12087,28-07-2025,2145.00,,,,,,,
32AACFT7848P1ZJ,,SIT-BS-12092,28-07-2025,150.00,,,,,,,
32AACFT7848P1ZJ,,SIT-BS-13165,06-08-2025,1935.00,,,,,,,
32AACFT7848P1ZJ,,SIT-BS-13293,06-08-2025,664.00,,,,,,,
32AACFT7848P1ZJ,,SIT-BS-14081,14-08-2025,1865.00,,,,,,,
32AACFT7848P1ZJ,,SIT-BS-14812,21-08-2025,2921.00,,,,,,,
32AACFT7848P1ZJ,,SIT-BS-15571,27-08-2025,1160.00,,,,,,,
32AACFT7848P1ZJ,,SIT-BS-16294,08-09-2025,1674.99,,,,,,,
32AACFT7848P1ZJ,,SIT-BS-16928,13-09-2025,2200.00,,,,,,,
32AACFT7848P1ZJ,,SIT-BS-1930,17-04-2025,1180.00,,,,,,,
32AACFT7848P1ZJ,,SIT-BS-19355,07-10-2025,2269.00,,,,,,,
32AACFT7848P1ZJ,,SIT-BS-21495,27-10-2025,2724.98,,,,,,,
32AACFT7848P1ZJ,,SIT-BS-23093,10-11-2025,3101.30,,,,,,,
32AACFT7848P1ZJ,,SIT-BS-25260,01-12-2025,3022.98,,,,,,,
32AACFT7848P1ZJ,,SIT-BS-2596,26-04-2025,1239.00,,,,,,,
32AACFT7848P1ZJ,,SIT-BS-26515,12-12-2025,1946.00,,,,,,,
32AACFT7848P1ZJ,,SIT-BS-27595,23-12-2025,2140.00,,,,,,,
32AACFT7848P1ZJ,,SIT-BS-3057,02-05-2025,1917.00,,,,,,,
32AACFT7848P1ZJ,,SIT-BS-30677,22-01-2026,3115.98,,,,,,,
32AACFT7848P1ZJ,,SIT-BS-4083,12-05-2025,1770.00,,,,,,,
32AACFT7848P1ZJ,,SIT-BS-4946,20-05-2025,3955.00,,,,,,,
32AACFT7848P1ZJ,,SIT-BS-510,04-04-2025,340.00,,,,,,,
32AACFT7848P1ZJ,,SIT-BS-6296,02-06-2025,2700.00,,,,,,,
32AACFT7848P1ZJ,,SIT-BS-8017,17-06-2025,1740.00,,,,,,,
32AACFT7848P1ZJ,,SIT-BS-9617,02-07-2025,2925.00,,,,,,,
32AACFT7848P1ZJ,,SIT-BS-969,08-04-2025,1380.00,,,,,,,
07AAETT0661Q1ZY,,INV-739,,590000.00,,500000.00,,,,,
24GGQPS2507Q2ZJ,GABHARUBHAI BABUBHAI SUHAGIYA,IN-5049,10.09.2025,278.00,5,264.76,13.24,0.00,0.00,,
33ALKPV3926D1Z1,,Invoice,,560873.00,,534165.00,,,,,
33ALKPV3926D1Z1,,Invoice,,237022.00,,225735.00,,,,,
29AASCM2174Q1ZG,,VEENO/2526/0897,29-11-2025,93946.00,18,,0.00,7165.38,7165.38,,
29AASCM2174Q1ZG,,VEENO/2526/1068,29-12-2025,17581.00,18,,0.00,1340.91,1340.91,,
29AASCM2174Q1ZG,,VEENO/2526/1231,20-01-2026,19225.00,18,,0.00,1466.33,1466.33,,
29AAJCV6541R1ZB,,2025-26/JAN/067,01/02/2026,15983.10,,,,,,,
29AAJCV6541R1ZB,,2025-26/DEC/089,01/01/2026,23084.34,,,,,,,
29AAJCV6541R1ZB,,2025-26/NOV/094,01/12/2025,9440.00,,,,,,,
23AAACW9768L1ZO,,251004-13,04-10-2025,17700.00,,,,,,,
23AAACW9768L1ZO,,251009-45,09-10-2025,10030.00,,,,,,,
23AAACW9768L1ZO,,251013-142,13-10-2025,29500.00,,,,,,,
23AAACW9768L1ZO,,251115-106,15-11-2025,17700.00,,,,,,,
23AAACW9768L1ZO,,251216-81,16-12-2025,17700.00,,,,,,,
29AACCW5109M1ZX,,2025-26/July/056,,708715.00,,,,,,,
29AACCW5109M1ZX,,2025-26/Aug/078,,1379342.00,,,,,,,
29AACCW5109M1ZX,,2025-26/Aug/136,,778543.00,,,,,,,
29AACCW5109M1ZX,,2025-26/Jan/095,18/02/2026,6760.00,,,,,,,
29AACCW5109M1ZX,,2025-26/Feb/046,12/03/2026,51726.00,,,,,,,
29AACCW5109M1ZX,,2025-26/Dec/267,,481519.00,,,,,,,
29AACCW5109M1ZX,,2025-26/Feb/046,,375595.00,,,,,,,
29AACCW5109M1ZX,,2025-26/JUN/011,,744873.00,,,,,,,
29AACCW5109M1ZX,,2025-26/JUN/147,,315224.00,,,,,,,
29AACCW5109M1ZX,,2025-26/Jan/095,,443556.00,,,,,,,
29AACCW5109M1ZX,,2025-26/MAY/129,,27528.00,,,,,,,
29AACCW5109M1ZX,,2025-26/MAY/172,,45513.00,,,,,,,
29AACCW5109M1ZX,,2025-26/Nov/017,,494680.00,,,,,,,
29AACCW5109M1ZX,,2025-26/Oct/032,,6886.00,,,,,,,
29AACCW5109M1ZX,,2025-26/Oct/205,,499321.00,,,,,,,
29AACCW5109M1ZX,,2025-26/Sep/069,,613235.00,,,,,,,
29AACCW5109M1ZX,,2025-26/Sep/095,,483689.00,,,,,,,
06AACCW5811G1ZH,,WV/25-26/M1068,,33167.44,,,,,,,
06AACCW5811G1ZH,,WV/24-25/M3768,,145533.33,,,,,,,
06AACCW5811G1ZH,,WV/24-25/M4833,,33279.63,,,,,,,
06AACCW5811G1ZH,,WV/24-25/M4257,,9440.00,,,,,,,
06AACCW5811G1ZH,,WV/24-25/M4310,,177000.00,,,,,,,
06AACCW5811G1ZH,,WV/24-25/M4425,,23087.68,,,,,,,
06AACCW5811G1ZH,,WV/25-26/M1772,,29500.00,,,,,,,
06AACCW5811G1ZH,,WV/24-25/M3768,,145533.33,,,,,,,
06AACCW5811G1ZH,,WV/24-25/M4310,,177000.00,,,,,,,
06AACCW5811G1ZH,,WV/25-26/M0503,,59000.00,,,,,,,
06AACCW5811G1ZH,,WV/24-25/M5062,,195880.00,,,,,,,
06AACCW5811G1ZH,,WV/24-25/M4771,,16520.00,,,,,,,
06AACCW5811G1ZH,,WV/24-25/M4993,,177000.00,,,,,,,
06AACCW5811G1ZH,,WV/24-25/M5232,,38605.30,,,,,,,
06AACCW5811G1ZH,,WV/24-25/M5601,,42480.00,,,,,,,
06AACCW5811G1ZH,,WV/24-25/M5677,,48129.20,,,,,,,
06AACCW5811G1ZH,,WV/25-26/M0096,,44840.00,,,,,,,
06AACCW5811G1ZH,,WV/25-26/M0242,,92602.13,,,,,,,
06AACCW5811G1ZH,,WV/25-26/M0503,,177000.00,,,,,,,
06AACCW5811G1ZH,,WV/25-26/M0504,,38219.02,,,,,,,
06AACCW5811G1ZH,,WV/25-26/M0735,,143583.36,,,,,,,
06AACCW5811G1ZH,,WV/25-26/M1246,,56873.79,,,,,,,
06AACCW5811G1ZH,,WV/25-26/M1460,,36396.51,,,,,,,
06AACCW5811G1ZH,,WV/25-26/M1656,,40377.48,,,,,,,
06AACCW5811G1ZH,,WV/25-26/M1772,,59000.00,,,,,,,
07AAACX1814G1ZL,,ADYG202506-13910,,147500.00,,,,,,,
07AAACX1814G1ZL,,ADYG202506-13898,,284818.92,,,,,,,
07AAACX1814G1ZL,,ADYG202601-15040,,383500.00,,,,,,,
07AAACX1814G1ZL,,ADYG202602-15201,,383500.00,,,,,,,
07AAACX1814G1ZL,,ADYG202507-14113,,212400.00,,,,,,,
07AAACX1814G1ZL,,ADYG202506-13898,,284818.92,,,,,,,
07AAACX1814G1ZL,,ADYG202508-14258,,265500.00,,,,,,,
07AAACX1814G1ZL,,ADYG202510-14599,,265500.00,,,,,,,
07AAACX1814G1ZL,,ADYG202511-14677,,265500.00,,,,,,,
07AAACX1814G1ZL,,ADYG202512-14897,,265500.00,,,,,,,
07AAACX1814G1ZL,,ADYG202509-14466,,265500.00,,,,,,,
07CALPA8210K1ZR,SHUBHAM AGGARWAL,TBJD-13800,12.05.2025,790.00,18,669.49,120.51,0.00,0.00,,
